,Word,Frequency
0,yourfoodlabVerifiedâ€¢FollowLiked,8
1,by,58
2,sanayapithawalla,1
3,and,181
4,othersyourfoodlabVerifiedMumbai,1
5,Style,4
6,Sandwich,3
7,Chef,7
8,@sanjyotkeerAs,1
9,a,100
10,kid,4
11,I,68
12,have,25
13,grown,2
14,up,13
15,in,71
16,Mumbai,10
17,there,7
18,would,6
19,not,14
20,be,20
21,single,2
22,week,4
23,were,7
24,havenâ€™t,2
25,had,7
26,sada,2
27,sandwich,13
28,or,16
29,toast,8
30,sandwich.,3
31,Followed,2
32,bread,5
33,butter,5
34,chutney,6
35,that,20
36,extra,6
37,piece,2
38,of,90
39,boiled,2
40,potato,2
41,with,59
42,some,12
43,masalağŸ˜œ.,2
44,remember,9
45,so,33
46,many,13
47,conversations,2
48,which,12
49,happened,2
50,over,3
51,these,8
52,sandwiches,3
53,ğŸ™ˆ,2
54,memories,3
55,as,8
56,used,11
57,to,117
58,try,18
59,replicate,2
60,the,132
61,recipe,39
62,at,22
63,home.,5
64,still,3
65,telling,3
66,mom,2
67,buy,2
68,me,19
69,street,4
70,style,4
71,toaster,2
72,make,19
73,this,78
74,home,5
75,just,16
76,like,16
77,how,7
78,really,9
79,talented,2
80,chefs,2
81,did,3
82,it,51
83,on,34
84,streets.,2
85,This,8
86,is,85
87,result,2
88,trials,2
89,took,2
90,quite,2
91,while,5
92,crack,3
93,masala,3
94,perfect,5
95,recipe!,5
96,So,11
97,enjoy,5
98,one,18
99,am,7
100,sure,7
101,you,55
102,all,25
103,will,10
104,love,19
105,it!!!!!,2
106,The,6
107,famous,5
108,â€œBombay,2
109,Masala,3
110,Toast,3
111,Sandwichâ€,2
112,also,11
113,our,5
114,soon!,2
115,stay,5
116,tuned,2
117,for,58
118,it!,5
119,P.S:,2
120,close,2
121,my,44
122,heart,4
123,pav,2
124,bhaji,2
125,"recipe,",2
126,lots,2
127,nostalgia!,2
128,dedicate,2
129,sister,2
130,because,6
131,itâ€™s,4
132,her,3
133,favorite,8
134,too!,2
135,are,38
136,going,6
137,crave,2
138,once,4
139,watch,3
140,video,9
141,@anishabachher,2
142,â¤ï¸17habhay_gupta_ğŸ˜,1
143,good.,3
144,You,5
145,wibs,1
146,plastic,2
147,authentic,2
148,stal,1
149,vibes15h14,1
150,likesReplyView,99
151,replies,191
152,(3)silent_eyes_3873Apka,1
153,dekhke,1
154,ke,8
155,khau,1
156,galli,1
157,ki,4
158,bahot,1
159,yaad,3
160,ayiğŸ˜‹ğŸ˜‹â¤ï¸15h2,1
161,(3)savitrimehtaOmg,1
162,aapne,1
163,dila,1
164,di.,1
165,Wish,1
166,was,12
167,India,2
168,now.,1
169,ğŸ¤£ğŸ¤£ğŸ¤£,1
170,absolutely,2
171,yummy,9
172,tempting.15h2,1
173,(2)hungerswayI,1
174,adore,2
175,your,59
176,way,4
177,making,6
178,videos.,1
179,Perfect,1
180,combination,1
181,light,2
182,background,1
183,ğŸ”¥15h1,1
184,likeReplyView,65
185,(1)sunshine_sparkle_shoryI,1
186,can,16
187,totally,1
188,relate..,1
189,being,5
190,mumbaikar..,1
191,it's,5
192,time,7
193,favourite..,1
194,sandwich..,1
195,eat,1
196,"breakfast,",1
197,"lunch,",1
198,"dinner,",1
199,evening,1
200,snacks,3
201,in-between,1
202,meals..,1
203,no,8
204,matter,1
205,full,1
206,"are,",1
207,there's,1
208,always,6
209,space,1
210,special,9
211,Nowadays,1
212,"home,",1
213,but,9
214,bestest,1
215,eating,3
216,from,6
217,an,16
218,uncle,3
219,Nariman,1
220,point.,1
221,learnt,1
222,him..â¤ï¸15h2,1
223,(1)mprachieeU,1
224,r,2
225,genius,1
226,...,8
227,watching,2
228,videos,8
229,ğŸ˜15h1,1
230,(1)utsavii_179He,1
231,even,4
232,Wibs,1
233,wrapper,1
234,feelzğŸ˜ğŸ”¥ğŸ˜‚,1
235,God,2
236,I'm,1
237,hungry,2
238,now!16h1,1
239,(1)wowniki01You,1
240,made,12
241,miss,3
242,Mumbai.,1
243,missing,2
244,travel,1
245,seeing,3
246,family,5
247,members.,1
248,And,5
249,food.,2
250,Surely,2
251,soon,1
252,feel,3
253,Thank,3
254,you:16h1,1
255,(1)the_aditisrivastavaOh,1
256,god...,1
257,i,8
258,m,4
259,saw,1
260,ğŸ¤¦â€â™€ï¸16h1,1
261,(2)chilliesnguavaOmg,1
262,good..,1
263,reminds,1
264,college,2
265,days,27
266,n,4
267,best,4
268,we,16
269,outside,2
270,St,1
271,Xavier's..ğŸ”¥ğŸ”¥ğŸ˜16h1,1
272,(1)afroz_qureshi92Itâ€™s,1
273,Bombay,2
274,ever16h1,1
275,(1)anujsingh518I,1
276,dishes,2
277,tooğŸ˜,1
278,they,6
279,truly,1
280,delicious,8
281,may,2
282,you16h1,1
283,(1)17,1
284,hours,3
285,agoPost,33
286,yourfoodlabVerifiedâ€¢FollowPaid,2
287,partnership,2
288,morphyrichardsindiaLiked,2
289,coffeeandmess,7
290,othersyourfoodlabVerifiedQuick,1
291,&,25
292,easy,9
293,Toasties,1
294,-,15
295,4,2
296,ways,2
297,Microwave,4
298,Oven,2
299,@sanjyotkeerContest,2
300,Alert!,3
301,CookWithATwist,2
302,@morphyrichardsindia,5
303,Hello,3
304,people!,2
305,Hope,2
306,enjoying,4
307,monsoon,2
308,weather,2
309,"that,",2
310,comes,3
311,exciting,2
312,contest!,3
313,Race,2
314,kitchen,5
315,show,5
316,us,14
317,twist,5
318,choice,6
319,stand,5
320,chance,6
321,win,5
322,exquisite,2
323,Morphy,2
324,Richards,2
325,Oven.,2
326,To,3
327,enter,2
328,contest,4
329,â€“,1
330,1.,3
331,Cook,2
332,innovative,2
333,twist.,1
334,2.,2
335,Take,3
336,amazing,9
337,original,2
338,photo,4
339,finished,2
340,dish,2
341,upload,3
342,Facebook,5
343,Instagram,3
344,handle,2
345,tagging,3
346,@yourfoodlab,4
347,use,11
348,hashtag,2
349,#CookWithATwist,3
350,3.,1
351,Follow,3
352,4.,2
353,Make,3
354,mention,4
355,'Twist',2
356,caption.,2
357,Only,2
358,three,2
359,winners,3
360,craziest,2
361,Contest,5
362,ends,2
363,1st,2
364,"September,",2
365,2020!,1
366,Hurry,2
367,up!,2
368,Get,2
369,creative,2
370,version,2
371,T&C,2
372,apply*,1
373,:,6
374,https://www.morphyrichardsindia.com/tnc.aspx,1
375,#stayhome,1
376,#staysafe,2
377,#foodie,7
378,#indiancuisine,5
379,#contestalert,4
380,#sanjyotkeer,2
381,#MorphyRichards,2
382,#CookWithATwist1dpooja_vijay_advani_Beta,1
383,tried,6
384,recipes,20
385,v,1
386,simple,3
387,turn,1
388,out,11
389,well........,1
390,bless,3
391,you.....1d1,1
392,(1)priyapawar2112This,1
393,so...,1
394,delicious...nd,1
395,look,5
396,so.....,1
397,amazing...will,1
398,gonna,3
399,ğŸ˜‹â¤ï¸1d1,1
400,(1)cook_the_leisureAhaaa,1
401,kinds,1
402,sweet,2
403,spicy,3
404,tangy,1
405,taste,4
406,budsğŸ˜ğŸ˜ğŸ˜Quick,1
407,fix,1
408,any,5
409,hunger1d3,1
410,(1)f.heenaHung,1
411,curd,1
412,spinachğŸ’•â¤ï¸â¤ï¸1d1,1
413,(1)anuchibiGreat,1
414,chef..ğŸ‘ŒğŸ‘ŒğŸ‘Œall,1
415,four,1
416,typesğŸ‘ŒğŸ‘ŒğŸ‘1d1,1
417,(1)taste_and_tellusWill,1
418,ğŸ‘ŒğŸ‘ŒğŸ‘Œ1d1,1
419,(1)artisanjuBest,1
420,part,1
421,ur,16
422,cooking..,1
423,ğŸ‘ŒSimple,1
424,follow1dReplyView,1
425,(1)teekhi_mircheeeThis,1
426,looks,12
427,deliciousâ¤ï¸1d1,1
428,(1)sinfulhun._Seeing,1
429,makes,1
430,mouth,3
431,water,5
432,too,4
433,goodğŸ˜¢1dReplyView,1
434,(1)thehiddenhappiness_U,1
435,tempting,2
436,ğŸ˜,5
437,â¤ï¸,1
438,u1d1,1
439,likeReplycheesenchilliesYum,1
440,yum,2
441,yum1d1,1
442,likeReplybabita_agarwalllYour,1
443,great1d1,1
444,likeReply1,3
445,day,7
446,othersyourfoodlabVerifiedMy,1
447,Recipe,2
448,now,7
449,YouTube!,3
450,Really,2
451,excited,2
452,about,9
453,recipes.,1
454,As,1
455,â¤ï¸....#recipe,1
456,#sandwiches,1
457,#sandwichesofinstagram,1
458,#bombaysandwich,1
459,#foodiesofinstagram,2
460,#foodpics,1
461,#foodlover,1
462,#cravings,1
463,#streetfood2dwhoneerenshahAray,1
464,bhai,4
465,bandh,1
466,karo,3
467,yeh,1
468,sab,2
469,paryushan,1
470,chalu,1
471,haiğŸ˜­2d55,1
472,(27)geetika.herePlease,1
473,puran,1
474,poliğŸ˜‹2d3,1
475,(3)divyaagramsWatching,1
476,right,2
477,before,1
478,go,3
479,sleep!,1
480,ğŸ’›2d2,1
481,(1)shahgadaurviParyushan-,1
482,jain,1
483,festive,1
484,on.,1
485,Pls,2
486,dnt,1
487,do,7
488,ğŸ™ˆğŸ˜‚2d1,1
489,(1)rawlanideeIts,1
490,hw,1
491,u,12
492,receipe,1
493,great,6
494,chefğŸ’—ğŸ‘ğŸ‘ŒğŸ™2d2,1
495,(1)deepikasankhalaSir,1
496,please,4
497,teach,1
498,ğŸ™,1
499,plzzz2d1,1
500,(2)iam_adii_pvttEven,1
501,â™¥ï¸2d1,1
502,(1)nishaalasheI,1
503,waiting,2
504,recipe2d1,1
505,(1)irresistible_delicacyAmazing!!,1
506,Was,1
507,recipe.ğŸ˜ğŸ˜2d1,1
508,(1)nanditasbLooks,1
509,legit!,1
510,ğŸ‘ğŸ¼ğŸ‘ğŸ¼,1
511,one!!,1
512,fond,1
513,growing,1
514,ğŸ˜2d1,1
515,(1)nikitakukreja_An,1
516,exact,1
517,reminder,1
518,Raju,1
519,KC,1
520,HR,1
521,Churchgate,1
522,serve2d2,1
523,(1)ujwalahemadriI,1
524,sir,5
525,â¤ï¸2d3,1
526,(1)2,1
527,othersyourfoodlabVerifiedChinese,2
528,pocket,9
529,samosa,5
530,@sanjyotkeer...Chinese,1
531,holds,2
532,very,12
533,place,9
534,heart!,2
535,visiting,2
536,local,4
537,farsanwala,4
538,stock,2
539,house,2
540,everytime,2
541,visited,2
542,"him,",2
543,handing,2
544,couple,2
545,Chinese,9
546,samosas,4
547,free.,2
548,It,6
549,routine,2
550,us.,2
551,Last,2
552,having,6
553,random,2
554,conversation,2
555,neighbourhood,2
556,instantly,2
557,remembered,2
558,nostalgic,2
559,memory,2
560,free,6
561,farsanwala!,2
562,know,6
563,similar,2
564,spring,2
565,roll,2
566,done,3
567,"before,",2
568,fact,2
569,its,5
570,squarish,2
571,size,3
572,has,13
573,shoot,2
574,recipe.,5
575,Comment,2
576,down,4
577,below,2
578,childhood,2
579,lets,2
580,see,5
581,if,11
582,recreate,4
583,favourite,8
584,next!,2
585,Cheers,2
586,guys.,2
587,Have,2
588,fun,3
589,:)...#recipe,2
590,#streetfood,3
591,#comfortfood3dkavyasadane001U,1
592,awsm,1
593,sir...,1
594,...I,1
595,home...,1
596,yummy!ğŸ˜˜ğŸ‘ŒğŸ‘ŒğŸ‘Œ3d2,1
597,(1)vaishali_patel810Wow...,1
598,what,4
599,Sanjyot..!!!!ğŸ˜3d2,1
600,(1)drriddhishahHi,1
601,thanks,1
602,paneer,7
603,chilly,2
604,sizzler,1
605,recipe3d3,1
606,(1)aashlesha_godeI,1
607,got,4
608,them,3
609,farsan,1
610,shop.,1
611,actually,4
612,searching,1
613,ThanksğŸ‘3d3,1
614,(1)asma_chisti85ğŸ˜‹ğŸ˜‹mouth,1
615,watering..........loved,1
616,describe,1
617,well......congooo3d3,1
618,(1)snehasanjayparmarChef,1
619,isme,1
620,boli,1
621,noddels,1
622,add,2
623,kar,4
624,skte,1
625,hai?!?!3d3,1
626,(1)sneh_as_harmAlways,1
627,loved,5
628,recipesâ¤ï¸3d1,1
629,(1)rub6711ğŸ‘ŒğŸ‘Œtoo,1
630,good3d2,1
631,(1)_brindha_rajaram_Brilliant,1
632,presentation,3
633,â¤ï¸ğŸ™ŒğŸ”¥3d2,1
634,(1)foodcomics_DroooolinngggğŸ˜ğŸ”¥ğŸ”¥3d2,1
635,(1)inaaya919omg,1
636,today,1
637,..amazing,1
638,fold,1
639,pattis,1
640,awesome,2
641,ğŸ˜ŠğŸ˜Š3d2,1
642,(1)preeti.kuverjiMan,1
643,U,1
644,chef,2
645,!,2
646,Love,3
647,everything,2
648,make3d2,1
649,(1)3,1
650,othersyourfoodlabVerifiedKhaman,1
651,Dhokla,1
652,Soft,1
653,Spongy,1
654,twist.2.,1
655,#CookWithATwist3.,1
656,@MorphyRichardsindia,1
657,2020!So,1
658,apply*...#stayhome,1
659,#CookWithATwist4dnot_activex_19ğŸ‘ğŸ‘ğŸ‘ŒğŸ‘Œ,1
660,good,14
661,happy,4
662,cooking3d3,1
663,(2)kishmish41Blessings,1
664,feed,1
665,fav,2
666,dishğŸ˜Š.,1
667,Glad,1
668,giving,2
669,"recipes,",1
670,such,4
671,feeling,1
672,Cooking,1
673,videos.ğŸ‘Œ3d2,1
674,(3)nihus_irresistablesSir,1
675,participate,2
676,only,7
677,instagram,1
678,facebook,1
679,required?4dReplyView,1
680,(3)n.pantzLove,1
681,More,1
682,convenient,1
683,folks,1
684,microwave!4d1,1
685,(2)harshita7911Alternative,1
686,critic,1
687,acid,3
688,please4dReplyView,1
689,(3)shaniyavikasWow,1
690,sanjyot,1
691,followed,1
692,insta,2
693,",fb",1
694,superb,1
695,much,5
696,things,5
697,required,1
698,definitely,3
699,ğŸ˜Š4d1,1
700,(2)kirandeep360Even,1
701,cook,5
702,dholka,1
703,too...but,1
704,after,5
705,looking,1
706,playing,1
707,around...anytging,1
708,cooked,2
709,become,3
710,must,1
711,me...4dReplyView,1
712,(1)my_yellow_submarineThank,1
713,cooking,1
714,easy-breezy,1
715,steps!,1
716,it!!4d1,1
717,(2)nandinibhallaapjCan,1
718,lemon,1
719,citric,1
720,powder,4
721,?,2
722,Citric,1
723,usually,1
724,available,2
725,indian,2
726,homes4dReplyView,1
727,(1)the_wildrose_195Following,1
728,almost,1
729,everywhere,2
730,let,1
731,tell,2
732,craft,1
733,another,2
734,level,1
735,ğŸ‘ŒğŸ»,1
736,â¤ï¸4d1,1
737,(1)mestrirashmiLovelyğŸ‘keep,1
738,workğŸ‘ğŸ‘big,1
739,fanğŸ¤©4d1,1
740,(1)bhavishreeskitchenFinally,1
741,heard,1
742,voiceğŸ˜€4d1,1
743,(1)4,1
744,Pocket,1
745,Samosa,1
746,Check,2
747,out!,2
748,#samosa,1
749,#samosalover,1
750,#chinese,1
751,#foodstagram,2
752,#mumbaifood,1
753,#mumbaistreetfood,2
754,#indianfood,1
755,#sanjyotkeer5dangshudibmI,1
756,don't,2
757,Name,1
758,Indian,3
759,should,9
760,twist.5d15,1
761,(3)_ritiktanwar2301_India,1
762,continuously,1
763,banning,1
764,then,5
765,trying,1
766,silly,1
767,things.,2
768,Even,1
769,food,9
770,wtfğŸ˜ 5d7,1
771,(5)aditya.__.jhaPlease,1
772,chinese,1
773,ğŸ™ğŸ™ğŸ™5d8,1
774,(2)iot108Don't,1
775,word,2
776,ğŸ™„ğŸ™„5d5,1
777,(2)meetapathakLooks,1
778,name,3
779,dun,1
780,China,1
781,pls...,1
782,rename,1
783,pls5d5,1
784,likesReplyiamanubhav_30Boycott,1
785,ChinağŸ˜‚5d5,1
786,likesReplyrupali.sethY,1
787,chef's,1
788,samosa?5d4,1
789,likesReplydakshakhatlawalaExcellent5d2,1
790,likesReplynilam_rana24ğŸ¤¤ğŸ¤¤5d2,1
791,likesReplymallika_singh_fan_clubâ¤ï¸5d2,1
792,likesReplycosmopolite_cookğŸ‘ŒğŸ‘ŒğŸ‘Œ5d2,1
793,likesReplydakshakhatlawalaI,1
794,want,3
795,recip5d2,1
796,likesReply5,2
797,thecrazyindianfoodie,1
798,othersyourfoodlabVerifiedDhaba,2
799,Paneer,3
800,Do,3
801,Pyaza,2
802,@sanjyotkeer....I,1
803,dhaba,2
804,turned,3
805,super,4
806,delicious!,4
807,Pair,2
808,garlic,2
809,tandoori,5
810,roti,4
811,epic,2
812,recipe!And,2
813,yes,3
814,wondering,2
815,why,3
816,called,3
817,â€œDo,2
818,pyaazaâ€,2
819,when,3
820,onions,4
821,"used,",2
822,added,2
823,two,3
824,stages,2
825,gives,3
826,unique,3
827,characteristic!,2
828,Enjoy,3
829,Cheers!...#recipe,1
830,#comfortfood,2
831,#indiancuisine5ddey_preranaNot,1
832,done!,1
833,can't,3
834,torture,1
835,ğŸ˜­ğŸ˜­5d11,1
836,(2)saltsugarnspiceWhat,1
837,equipment,1
838,turning,1
839,frying5d8,1
840,(1)roli_arianVry,1
841,nive,1
842,recipe...,1
843,kind,3
844,utensils,1
845,dishes....5d6,1
846,(3)dimplekohli88Mouth,1
847,wateringğŸ˜‹ğŸ˜‹ğŸ˜ğŸ˜›5d6,1
848,likesReplypriyamodani_zanwarLooks,1
849,delicious...,1
850,try5d4,1
851,likesReplycuty_prityMouth,1
852,wateringğŸ˜‹ğŸ˜‹ğŸ˜‹ğŸ˜‹5d3,1
853,likesReplyshamli302ğŸ¤¤ğŸ¤¤5d3,1
854,likesReplypritamkoley2011YummyğŸ˜ğŸ˜ğŸ˜ğŸ˜5d3,1
855,likesReplytrishalasethHi,1
856,shallow,1
857,fry,1
858,instead,5
859,fresh?,1
860,found,1
861,gets,1
862,chewy,1
863,upon,1
864,"frying,",1
865,specially,1
866,low,2
867,fat,1
868,paneer5d1,1
869,(1)heena_slinkyThis,1
870,world!,1
871,ğŸ‘ŒğŸ½ğŸ‘ŒğŸ½5d2,1
872,likesReplykavya_sharma229Yummy,1
873,ğŸ˜ğŸ˜‹ğŸ˜‹5d2,1
874,likesReplyv_s_foodsItâ€™s,1
875,tempting5d2,1
876,abimilano,1
877,Cheers!...#recipeoftheday,1
878,#paneer,1
879,#paneerrecipes,1
880,#paneerlove,1
881,#foodporn,1
882,#foodography,1
883,#dhabastyle,1
884,#dhabafood,1
885,#sanjyotkeer6dsuchita.agRecipe,1
886,link,1
887,plss6d1,1
888,(2)afoodexpeditionDANG!!!!,1
889,heavenly,1
890,ğŸ˜‹6d1,1
891,(1)tusharghateItni,1
892,sabzi,1
893,kon,1
894,khata,1
895,hai,11
896,Sirji??6dReplyView,1
897,(1)neetazs79I,1
898,vegetarian,2
899,recipes...,1
900,Keep,2
901,posting..,1
902,Txz6d1,1
903,(1)juhi_gupta30Your,1
904,awesome...,1
905,Tried,1
906,lababdar...,1
907,Turned,1
908,tasty6d1,1
909,(1)pharma_cuisineeUffff....,1
910,ğŸ™ˆğŸ™ˆğŸ™ˆ,1
911,Want,1
912,nowğŸ˜..,1
913,soo,2
914,yummmğŸ¤¤ğŸ¤¤6dReplyView,1
915,(1)thequintessentialfoodieeNeed,1
916,asap6d1,1
917,(1)rajithanarayanaIts,1
918,watering,1
919,recipe.....ğŸ˜â¤ï¸ğŸ˜‹ğŸ˜‹ğŸ˜‹ğŸ¤¤ğŸ¤¤,1
920,nice,3
921,given,1
922,appears....I,1
923,it....i6d1,1
924,(1)anita_anni04Pls,1
925,video6d1,1
926,(2)accidental_cook20Chef,1
927,beautiful,2
928,believe,2
929,anything6d2,1
930,(2)helloloveportionDefinitely,1
931,Thankyou,1
932,ğŸ˜â¤ï¸6d2,1
933,(1)svarsha_karthik2020Super,1
934,ğŸ˜‹ğŸ˜‹ğŸ˜‹,1
935,eyesğŸ˜ğŸ˜ğŸ˜6d3,1
936,(1)6,1
937,othersyourfoodlabVerifiedStir,1
938,Fried,2
939,Veggies,1
940,Brown,1
941,Rice,1
942,@sanjyotkeer,1
943,.....#recipe,1
944,#comfortfood1wdamanjkcPlease,1
945,share,1
946,few,2
947,healthy,7
948,â˜ºï¸â˜ºï¸1w3,1
949,(5)jyotivijan53Surely,1
950,ğŸ˜‹1w3,1
951,likesReplyvlogsrowdyğŸ˜ğŸ˜1w3,1
952,likesReply_cupid_designerIt,1
953,yummyğŸ¤¤1w3,1
954,likesReplyuzma6699Hey,1
955,....how,1
956,bought,1
957,brown,1
958,rice,1
959,yippee...let's,1
960,dinner,3
961,ğŸ½,1
962,ğŸ˜‹,1
963,ğŸ‘1w2,1
964,likesReplyvishwaksen07Binod1w2,1
965,likesReplycooketarian5This,1
966,stunningâ¤ï¸ğŸ¤¤1w2,1
967,likesReplyhetal.haria.39ğŸ˜ğŸ¤©ğŸ¤©1w1,1
968,likeReplyanuchibiTerrific,1
969,supreme,1
970,dishesğŸ‘ŒğŸ‘ŒğŸ‘ŒğŸ‘1w1,1
971,likeReplyvidhi_punjabiWow,1
972,â¤ï¸â¤ï¸â¤ï¸,1
973,You're,1
974,brilliant1w1,1
975,likeReplyfab_000013Sir,1
976,seriously,1
977,excellent,2
978,cookğŸ˜ğŸ˜1w1,1
979,likeReplysamirsriğŸ‘ğŸ‘1w1,1
980,likeReply7,3
981,othersyourfoodlabVerifiedPaneer,1
982,Tikka,2
983,Momo,1
984,@sanjyotkeer....Momos,1
985,staple,1
986,blows,1
987,mind,3
988,varieties!,1
989,My,1
990,though,1
991,basic,4
992,chicken,3
993,momo,4
994,chutney.,1
995,inspiration,1
996,marinating,1
997,Momos,2
998,marinade,1
999,tandoor.,1
1000,lil,2
1001,different,1
1002,smoked,1
1003,tikka,1
1004,filling,2
1005,inside,3
1006,steamed.,1
1007,included,1
1008,along,1
1009,rains!,1
1010,Cheers!....#recipe,1
1011,#streetfood1wthe_charankamalyour,1
1012,recipies,1
1013,paaji,1
1014,ğŸ”¥1w5,1
1015,(1)shamaa_.lyNon,1
1016,vage,1
1017,momos,1
1018,please1w6,1
1019,(1)mishtimeyAahmazingğŸ‘Œ1w3,1
1020,(1)mohit.ch0011Best,1
1021,Best,1
1022,Clear,1
1023,Easy,1
1024,follow,5
1025,Beautiful,1
1026,studio,1
1027,Very,2
1028,professionally,1
1029,â­ï¸1w5,1
1030,(1)shish_tyWatching,1
1031,a...............,1
1032,experience1w4,1
1033,(1)nikkuuuuYour,1
1034,HD,1
1035,detailing,1
1036,ingredients,4
1037,foodgasmğŸ˜œ1w6,1
1038,(1)archana97bhagwatSuperb1w3,1
1039,(1)yacobrajuWhen,1
1040,Delhi,4
1041,tasted,1
1042,it...,2
1043,taste...,1
1044,Missing,1
1045,here,1
1046,Andhra...,1
1047,But,4
1048,ğŸ˜‰1w4,1
1049,(1)jay___162I,1
1050,ğŸ˜ŠğŸ˜Šâ¤ï¸â¤ï¸1w4,1
1051,(1)food_blushThe,1
1052,needed,1
1053,ğŸ˜It,1
1054,heavenly!!,1
1055,ğŸ´ğŸ’–1w4,1
1056,(1)tentashhi09Tibetan,1
1057,foodğŸ”¥ğŸ”¥1w3,1
1058,(1)_dishaaadey_â¤ï¸ğŸ”¥1w4,1
1059,likesReply7,1
1060,foodrush.recipeâ€¢FollowLiked,9
1061,bake_yourchoice,1
1062,othersfoodrush.recipeWith,2
1063,velvety,1
1064,richness,2
1065,"apple,",1
1066,mousse,1
1067,@weikfieldind,6
1068,Custard,4
1069,treat,1
1070,all!!!,1
1071,#mousse,1
1072,#custard,1
1073,#cakes,1
1074,#apple,1
1075,#caramel,1
1076,#moussecake2dthe_vishu_43ğŸ”¥ğŸ”¥ğŸ˜‹ğŸ”¥ğŸ˜‹ğŸ”¥ğŸ˜‹ğŸ”¥ğŸ”¥ğŸ˜‹ğŸ”¥ğŸ˜‹ğŸ”¥2d1,1
1077,likeReplyrondskayyâ¤ï¸2dReplyesha.b.509ğŸ‘ğŸ‘ğŸ˜‹ğŸ˜‹,1
1078,super2dReplyanayyarajpoot26ğŸ˜ŠğŸ˜ŠğŸ˜ŠğŸ˜€ğŸ‘ŒğŸ‘Œ2dReplysawmiakThis,1
1079,â¤ï¸2dReplyblah_blah_blah__15Wow,1
1080,ossanğŸ˜˜ğŸ˜ğŸ’ğŸ”¥ğŸ”¥2dReplyreenarajput516ğŸ‘ŒğŸ‘ŒğŸ‘ŒğŸ‘ŒğŸ‘Œ2dReplythe_vishu_43ğŸ˜‹â¤ï¸ğŸ˜‹ğŸ‘Œâ¤ï¸ğŸ˜‹2dReplyits_mevithsğŸ˜ğŸ˜ğŸ˜ğŸ˜‹ğŸ˜‹ğŸ˜‹ğŸ”¥ğŸ”¥ğŸ”¥ğŸ”¥ğŸ”¥ğŸ”¥2dReplyvarunpasrija22Delicious,1
1081,ğŸ‘Œ2dReply001reetsainiâ¤ï¸â¤ï¸â¤ï¸ğŸ˜1dReplyaditi_dhamal3ğŸ˜‹ğŸ˜‹ğŸ˜‹ğŸ˜‹ğŸ’¯â¤ï¸â¤ï¸ğŸ”¥ğŸ”¥2dReply2,1
1082,mahetasachin8055,1
1083,goodness,1
1084,almonds,1
1085,basil,2
1086,healthiest,1
1087,pasta.,1
1088,power,2
1089,pact,1
1090,quick,1
1091,#pasta,1
1092,#pesto,1
1093,#almond,1
1094,#healthy,1
1095,#sunnysideup5dj.nehaIt,1
1096,healthy......bt,1
1097,im,1
1098,vegiterian,1
1099,ğŸ‘ğŸ‘ğŸ‘5d1,1
1100,(1)nehakashyap3126ğŸ¤¤ğŸ¤¤ğŸ¤¤5d1,1
1101,likeReplythe_vishu_43â¤ï¸â¤ï¸â¤ï¸â¤ï¸â¤ï¸ğŸ˜‹â¤ï¸5d1,1
1102,likeReplysaloni30111988Woooo,1
1103,yammi5d1,1
1104,likeReplythe_vishu_43ğŸ˜‹ğŸ‘ŒğŸ˜‹ğŸ‘ŒğŸ‘ğŸ‘ğŸ‘ğŸ‘5d1,1
1105,likeReplyamitaaversekarğŸ‘Œ5dReplymr.mrs.dhillon13ğŸ‘ŒğŸ˜‹ğŸ‘ŒğŸ˜‹ğŸ‘ŒğŸ‘ŒğŸ˜‹ğŸ‘ğŸ‘ğŸ‘ğŸ‘5dReplynehakashyap3126yummy5dReplysawmiakğŸ˜‹ğŸ˜‹ğŸ˜‹5dReplyanayyarajpoot26Tasty,1
1106,yummmmmyğŸ˜€5dReply001reetsainiTastyğŸ’5dReplyaditi_dhamal3ğŸ˜‹ğŸ˜‹ğŸ˜ğŸ˜ğŸ˜ğŸ˜ğŸ‘ŒğŸ‘ŒğŸ‘ŒğŸ‘Œ4dReply5,1
1107,miken_mistry,1
1108,othersfoodrush.recipeNo,1
1109,oven,3
1110,Pizza,3
1111,!!!,1
1112,bae!,1
1113,How,2
1114,fall,1
1115,homemade,4
1116,pizza!,2
1117,without,3
1118,ovenğŸ˜Ingredients,1
1119,:Â¼,1
1120,cup,9
1121,milkÂ½,1
1122,tsp,6
1123,sugarÂ½,1
1124,dry,2
1125,active,2
1126,yeast1,1
1127,refined,2
1128,flourÂ½,1
1129,saltMethod,1
1130,:Mix,1
1131,Â¼,2
1132,"milk,",1
1133,Â½,3
1134,"sugar,",1
1135,"yeast,",1
1136,1,6
1137,"flour,",1
1138,"salt,",1
1139,Prepare,1
1140,fine,1
1141,dough.â€”Apply,1
1142,oil,1
1143,empty,1
1144,bowl,2
1145,keep,4
1146,dough,2
1147,into,3
1148,it.,3
1149,Cover,1
1150,rest,1
1151,hour,1
1152,till,3
1153,doubles,1
1154,size.â€”Take,1
1155,portion,2
1156,depending,1
1157,pizza,9
1158,plate,1
1159,have.,1
1160,Roll,1
1161,properly,1
1162,prick,1
1163,fork,1
1164,regular,2
1165,intervals.â€”Put,1
1166,tbsp,1
1167,pan,2
1168,Put,3
1169,schezwan,1
1170,"sauce,",1
1171,mozzarella,1
1172,"cheese,",1
1173,"capsicum,",2
1174,onion,3
1175,corn,2
1176,it.â€”Cover,1
1177,flame,1
1178,25,1
1179,minutes.â€”Sprinkle,1
1180,italian,1
1181,mix,3
1182,"herbs,",1
1183,red,2
1184,chilli,1
1185,flakes,1
1186,Serve,1
1187,mouth-watering,1
1188,Pizza!#pizza,1
1189,#noovenpizza,1
1190,#panpizza5dsadaf__khann_Neeche,1
1191,se,10
1192,buri,1
1193,trha,1
1194,jal,1
1195,chuka,1
1196,h,6
1197,ye,7
1198,upar,2
1199,kaccha,1
1200,hğŸ˜‚5d7,1
1201,(1)_shivani_makhija_How,1
1202,sauce,3
1203,?5d1,1
1204,(4)__cutiepie_30Can,1
1205,cheese,4
1206,cubes,1
1207,mozarella,1
1208,cheese??5d2,1
1209,(1)_d_i_p_a_l_Which,1
1210,this?5dReplyView,1
1211,(1)dhivyazz123Any,1
1212,substitute,2
1213,yeast??5dReplyView,1
1214,(1)thakurain.nAny,1
1215,Yeast??5dReplyView,1
1216,(2)komal_dave98Can,1
1217,whole,2
1218,wheat,1
1219,flour,1
1220,Refined,1
1221,flour??5dReplyView,1
1222,(1)safa_mubeenaWhere,1
1223,get,6
1224,yeast5dReplyView,1
1225,(2)its_nilima77Wowoo5d1,1
1226,likeReplyvarunpasrija22Wow,1
1227,cheesy,1
1228,pizağŸ˜‹ğŸ˜5d1,1
1229,likeReplykalpana_raut18ğŸ¥ºğŸ¤¤5dReplypranju9822ğŸ˜‹ğŸ˜‹5dReply5,1
1230,weikfieldind,4
1231,othersfoodrush.recipeRunning,1
1232,maintaining,1
1233,diet,1
1234,routine.,1
1235,Try,3
1236,flavourful,1
1237,St.,1
1238,Dalfour,1
1239,hacks,1
1240,everyday.1wishanvi_17Your,1
1241,fully,1
1242,ğŸ˜ğŸ˜ğŸ˜â¤ï¸1w1,1
1243,(1)arkita_adhikaryLove,1
1244,recipes..they,1
1245,amazing1w1,1
1246,(1)j.nehaYumm,1
1247,yumm,1
1248,plus,1
1249,healthyğŸ˜‹ğŸ˜‹ğŸ˜‹1w1,1
1250,(1)daspriya779ğŸ‘ŒğŸ‘ŒğŸ‘ŒğŸ‘ŒYou,1
1251,people,4
1252,come,1
1253,goodieesssssâ¤ï¸1w1,1
1254,(1)sagarikakambetiPacked,1
1255,fruits,1
1256,nutrients1w1,1
1257,(2)bhumi_shhThis,1
1258,delicious1w2,1
1259,(2)i.m.saakshiGood..,1
1260,fruit,1
1261,spreads,1
1262,packed,2
1263,sugar.1w3,1
1264,(1)aswanideep86ğŸ˜‹1w1,1
1265,likeReplyssharmaxxviiBadia..1w2,1
1266,likesReply_aditya.rajesh__Whoaaaaaaa!ğŸ˜ğŸ˜ğŸ˜ğŸ˜ğŸ˜ğŸ˜ğŸ˜ğŸ˜ğŸ”¥ğŸ”¥ğŸ”¥ğŸ”¥ğŸ”¥1w1,1
1267,likeReplyriadeantonioğŸ˜ğŸ˜ğŸ˜ğŸ˜1w1,1
1268,likeReplyitsdishatotlaniWooowğŸ˜ğŸ˜1w1,1
1269,likeReplyAugust,3
1270,9Post,2
1271,asim_ak97,1
1272,"othersfoodrush.recipeCreamy,",1
1273,Cheesy,2
1274,mayonnaise,2
1275,snack.It,1
1276,takes,1
1277,less,1
1278,preparation.IngredientÂ½,1
1279,Cabbage1,1
1280,Onion1,1
1281,Capsicum1,1
1282,CarrotÂ½,1
1283,CheeseÂ½,1
1284,Tsp,1
1285,Black,1
1286,pepperÂ¼,1
1287,MayonnaiseButter4,1
1288,Bread,1
1289,slicesSaltMethod,1
1290,In,3
1291,"bowl,",1
1292,take,5
1293,"cabbage,",1
1294,"onion,",1
1295,carrot,1
1296,cheese.â€”Add,1
1297,black,1
1298,pepper,1
1299,taste.,1
1300,well.â€”Spread,1
1301,between,1
1302,2,4
1303,slices,2
1304,sandwich.â€”On,1
1305,outer,1
1306,sides,1
1307,"sandwich,",1
1308,spread,1
1309,heated,1
1310,pan.â€”Serve,1
1311,mayo,2
1312,chutney.#mayosandwich,1
1313,#grilledsandwich,1
1314,#cheesysandwich,1
1315,#sandwich,1
1316,#mayonnaise,1
1317,#veg,1
1318,#cheese,1
1319,#bread,1
1320,#colslaw1wbarimarwein87What,1
1321,use??1wReplyView,1
1322,(2)ishanvi_17yummyyyyy,1
1323,delicious1w1,1
1324,likeReplyanayyarajpoot26Woo,1
1325,yummmmmmmmy,1
1326,ğŸ˜ğŸ‘ŒğŸ‘ŒğŸ˜€ğŸ˜€ğŸ˜ŠğŸ˜€1wReplyvishnusreeroyalDelicious,1
1327,SandwichğŸ‘ŒğŸ»1wReplywinnie_bhojwaniI,1
1328,loving,1
1329,itğŸ˜ğŸ˜ğŸ˜â¤ï¸â¤ï¸â¤ï¸1wReply_vidyashaaa_Creamy,1
1330,delightful.....â¤ï¸â¤ï¸ğŸ‘ŒğŸ‘Œ1wReplyhanfiya7058ğŸ‘1wReplytarupraveshğŸ¤—ğŸ¤—1wReplysawmiakğŸ˜‹ğŸ˜‹ğŸ˜‹1wReplyfoodieforever_2407Sandwich,1
1331,â¤ï¸1wReplyfatima_ruhiğŸ˜‹ğŸ˜‹ğŸ˜‹ğŸ˜‹ğŸ˜‹yummmy,1
1332,easyâ™¥ï¸1wReplyj.nehaSuper,1
1333,duper,1
1334,owsum,1
1335,itğŸ˜‹ğŸ˜‹ğŸ˜‹ğŸ˜‹1wReplyAugust,1
1336,othersfoodrush.recipeEver,1
1337,thought,2
1338,tart,1
1339,healthy?,1
1340,Here,2
1341,most,3
1342,liked,1
1343,dessert,1
1344,healthier,1
1345,form.,1
1346,Dryfruit,1
1347,Tart,1
1348,everyone,1
1349,amazed,1
1350,silky,1
1351,smooth,1
1352,yet,1
1353,dessert!!!ğŸ˜‹1waarti9694Do,1
1354,"comment,",1
1355,fast,1
1356,note1w2,1
1357,likesReplyHide,2
1358,repliesshivani.29.10AwsmğŸ”¥1w2,1
1359,likesReplyj.nehaHealthiest,1
1360,recipieğŸ˜‹1wReplyHide,1
1361,repliesjust.mehakYour,1
1362,every,1
1363,singel,1
1364,wow,2
1365,factor,1
1366,ğŸ˜ğŸ˜ğŸ˜,2
1367,recipes1wReplyHide,1
1368,repliessamayra7864Aaye,1
1369,hayeğŸ˜‹ğŸ˜‹ğŸ˜‹ğŸ˜‹ğŸ˜‹ğŸ˜‹ğŸ˜‹1w1,1
1370,likeReply_aakku_10ğŸ˜ğŸ˜ğŸ˜ğŸ‘ŒğŸ‘ŒğŸ‘Œ1w1,1
1371,likeReplyinaz645ğŸ¤¤ğŸ¤¤1w1,1
1372,likeReplymr.mrs.dhillon13Wwwooo,1
1373,ğŸ˜‹ğŸ‘ŒğŸ˜‹ğŸ‘ŒğŸ˜‹ğŸ‘ŒğŸ˜‹ğŸ˜‹ğŸ˜‹1w1,1
1374,likeReplyothilstellaWow,1
1375,yummyğŸ˜‹ğŸ˜‹ğŸ˜‹1w1,1
1376,likeReplysravanthisravs11Yum,1
1377,yumğŸ˜‹1wReplyi_am_i_n_e_v_i_t_a_b_l_e_ğŸ˜â¤ï¸ğŸ–¤ğŸ–¤ğŸ’š1w1,1
1378,likeReplyreenarajput516Too,1
1379,healthy1wReplyAugust,1
1380,7Post,2
1381,foodrush.recipeâ€¢Followfoodrush.recipeWhen,1
1382,does,1
1383,salad,1
1384,started,1
1385,getting,1
1386,?Chicken,1
1387,Pasta,2
1388,Salad,2
1389,deliciousness.,1
1390,Itâ€™s,1
1391,"healthy,",1
1392,scrumptious,1
1393,snack,1
1394,ğŸ˜€1wisha_5704ğŸ‘ğŸ‘1w2,1
1395,likesReplychefsplanWaooğŸ”¥ğŸ”¥ğŸ”¥ğŸ”¥1w1,1
1396,likeReplyaditi_dhamal3Yummy,1
1397,ğŸ˜‹ğŸ˜‹1wReplyammuu_46Pastaa,1
1398,LoversğŸ˜â¤ï¸1w1,1
1399,likeReplyammuu_46DeliciousğŸ˜‹â¤ï¸1w1,1
1400,likeReplyammuu_46ğŸ’•ğŸ’•ğŸ’•1w1,1
1401,likeReplythe_vishu_43ğŸ”¥ğŸ˜‹ğŸ˜ğŸ‘ŒğŸ”¥1wReplythe_vishu_43â¤ï¸ğŸ˜ğŸ˜‹ğŸ˜ğŸ‘ğŸ‘ğŸ‘ğŸ˜ğŸ‘1wReplysravanthisravs11My,1
1402,fvt,1
1403,pasta,1
1404,recipeğŸ”¥ğŸ˜‹1wReplyvarunpasrija22Wow,1
1405,pastağŸ‘ŒğŸ‘ŒğŸ˜1wReplyi_am_i_n_e_v_i_t_a_b_l_e_ğŸ˜ğŸ˜ğŸ˜1w1,1
1406,likeReplyreenarajput516Yummm1wReplyAugust,1
1407,5Post,1
1408,gracemoloney1,1
1409,othersfoodrush.recipeWant,1
1410,Rakshabandhan,2
1411,treat??,1
1412,Then,1
1413,chocolicious,1
1414,donuts,1
1415,ones,1
1416,lighting,1
1417,discover,2
1418,surprise,1
1419,!!!!,1
1420,#chocolate,1
1421,#festive,1
1422,#donuts,1
1423,#dessert,1
1424,#love,1
1425,#brother,1
1426,#sister,1
1427,#darkfantasy,1
1428,#surprise,1
1429,#doughnuts,1
1430,#fried,1
1431,#chocolicious,1
1432,#rakshabandhan,1
1433,#rakhi,1
1434,#celebrations,1
1435,#cookies2wjagfoodieNice!,1
1436,ğŸ˜ğŸ˜ğŸ‘Œ2wReplyView,1
1437,(1)kavya.manchekarGreatğŸ˜ğŸ˜ğŸ˜2w2,1
1438,(1)784.its.kaurğŸ˜ğŸ˜ğŸ˜ğŸ˜ğŸ˜ğŸ˜â¤ï¸2wReplyView,1
1439,(1)ssharmaxxviiWah..2wReplyView,1
1440,(2)vlogsrowdyğŸ˜ğŸ˜2w1,1
1441,(1)its_nilima77ğŸ‘ŒğŸ‘ŒğŸ’•ğŸ’•Nyc2w1,1
1442,(1)the_vishu_43ğŸ˜‹ğŸ˜‹ğŸ˜‹ğŸ˜‹ğŸ˜‹ğŸ˜‹2w1,1
1443,(1)lynneishungryOmg,1
1444,ğŸ˜ğŸ¤¤2w1,1
1445,(1)reshma_dinguThank,1
1446,recipe2w1,1
1447,"(1)reshma_dinguWow,",1
1448,yummy.2wReplyView,1
1449,(1)atiqabushra_98ğŸ˜‹ğŸ˜‹2wReplyView,1
1450,(1)binod_here_Tasty,1
1451,Ã—100,1
1452,ğŸ˜‹ğŸ˜‹ğŸ˜‹2wReplyView,1
1453,(1)August,1
1454,2Post,1
1455,othersfoodrush.recipeEasy,1
1456,biscuit,1
1457,melts,1
1458,heaven,1
1459,earth.,1
1460,20,1
1461,mins,1
1462,Powder.2wsabrin_581,1
1463,gram,1
1464,?2wReplyView,1
1465,(2)_mussiiii_17If,1
1466,available2w2,1
1467,likesReplylpool_halal_eatsCan,1
1468,put,2
1469,grams,1
1470,please.,1
1471,Thanks,1
1472,advance.2w1,1
1473,likeReplythaheerabegum786How,1
1474,bake,1
1475,oven2w1,1
1476,likeReplynupurgor_95Without,1
1477,???2w1,2
1478,likeReplywild_dust_No,1
1479,baking,1
1480,/soda??2w1,1
1481,likeReplyj.nehaNo,1
1482,need,4
1483,bakingpowder,1
1484,likeReplysha_ki_23YummyğŸ˜‹1wReply_.harshsingh._45Wowwww......,1
1485,Unimaginable,1
1486,biscuitsğŸ˜‹ğŸ˜‹1wReplysonipriyanka326Cookis,1
1487,ğŸ˜1wReplythe_vishu_43ğŸ˜‹ğŸ˜‹ğŸ˜‹ğŸ˜‹ğŸ˜‹ğŸ‘ğŸ”¥ğŸ”¥ğŸ”¥ğŸ”¥ğŸ”¥ğŸ”¥ğŸ”¥ğŸ”¥ğŸ”¥ğŸ”¥ğŸ”¥ğŸ”¥ğŸ˜‹ğŸ˜‹ğŸ˜‹ğŸ˜‹ğŸ˜‹ğŸ‘ğŸ”¥ğŸ”¥ğŸ”¥ğŸ”¥ğŸ”¥ğŸ˜ğŸ˜1wReplyaditi_dhamal3Yummy,1
1488,ğŸ˜‹ğŸ˜‹ğŸ˜ğŸ˜1wReplyAugust,1
1489,1Post,1
1490,othersfoodrush.recipeGiving,1
1491,gourmet,2
1492,easily,1
1493,everyday,1
1494,home.@weikfieldind,1
1495,Penne,1
1496,"Lasagna,",1
1497,tasty,1
1498,ğŸ˜€2wcooksbymoodAll,1
1499,â¤ï¸ğŸ˜ğŸ‘ŒğŸ»1wReplyView,1
1500,(1)iam_groot_9995Pls,1
1501,speed,1
1502,video..,1
1503,we're,1
1504,hardly,1
1505,able,2
1506,note,1
1507,Plus..,1
1508,doesn't,1
1509,allow,1
1510,rewind,1
1511,seconds.2w12,1
1512,(2)megha722Please,1
1513,pen,1
1514,to2w3,1
1515,likesReply001reetsainiâ¤ï¸â¤ï¸â¤ï¸ğŸ˜2w2,1
1516,likesReplykalpanakaranvuğŸ˜‹ğŸ˜‹ğŸ˜‹ğŸ˜ğŸ˜ğŸ˜2w1,1
1517,likeReplypa_luckYuck!!,1
1518,Ketchup,1
1519,spoilt,1
1520,all!!2w2,1
1521,likesReplyanjali356â¤ï¸â¤ï¸â¤ï¸2w1,1
1522,likeReplyjenishaaaaaaYummmğŸ’•ğŸ’•2w1,1
1523,likeReplythe_vishu_43ğŸ˜‹ğŸ˜‹ğŸ˜‹ğŸ˜‹ğŸ˜‹ğŸ˜‹ğŸ˜‹ğŸ˜‹1wReplythe_vishu_43ğŸ˜‹ğŸ˜‹ğŸ˜‹ğŸ˜‹ğŸ˜‹ğŸ˜‹ğŸ˜‹ğŸ˜‹ğŸ˜‹1wReplythe_vishu_43ğŸ˜‹ğŸ˜‹ğŸ˜‹ğŸ˜‹ğŸ˜‹ğŸ˜‹ğŸ˜‹ğŸ˜‹ğŸ˜‹1wReplythe_vishu_43ğŸ˜‹ğŸ˜‹ğŸ˜‹ğŸ˜‹ğŸ˜‹ğŸ˜‹ğŸ˜‹1wReplyJuly,1
1524,29Post,2
1525,dilsefoodieVerifiedâ€¢FollowLiked,10
1526,aaloogobhi,1
1527,othersdilsefoodieVerifiedCycle,1
1528,Wale,1
1529,Rasgulelong,1
1530,back,3
1531,Rasgule,1
1532,Meethi,1
1533,Bread.,1
1534,Kasam,1
1535,Se,1
1536,Bachpan,1
1537,yaadein,1
1538,taaza,1
1539,kardi,1
1540,thi,1
1541,ne.#dilsefoodie23hmaan00112Itna,1
1542,hogya,1
1543,apko,1
1544,banate,1
1545,"hue,",1
1546,care,1
1547,Uski,1
1548,cart,1
1549,k,6
1550,Chad,1
1551,kha,5
1552,rhe,1
1553,ho,8
1554,"bilkul,",1
1555,he,3
1556,piche,1
1557,hoke,1
1558,Khao.,1
1559,Apki,1
1560,toh,2
1561,ban,1
1562,gyi,1
1563,aur,3
1564,b,1
1565,log,2
1566,kahayenge,1
1567,ake.,1
1568,manners,1
1569,.,3
1570,ğŸ‘ğŸ‘ğŸ‘ğŸ‘ğŸ‘21h16,1
1571,(4)gurmeet_kaur_Esi,1
1572,chiz,1
1573,ko,5
1574,dekh,1
1575,dieting,1
1576,reheti,1
1577,hğŸ˜‚ğŸ˜‚ğŸ˜‚23h2,1
1578,likesReplymanisha__yadav2031Pay,1
1579,krte,1
1580,na,1
1581,bhaiya,1
1582,??23h4,1
1583,(5)saurabhv_iBhaiya,1
1584,mask,2
1585,tumhara?23h3,1
1586,(2)bhanu_pratap005Paaji,1
1587,aap,1
1588,Mukherjee,1
1589,nagar,2
1590,Batra,1
1591,cinema,1
1592,pass,2
1593,"""Manjeet",1
1594,Chicken,4
1595,centre,1
1596,"""",1
1597,ka,6
1598,tawa,1
1599,"kijiye,",1
1600,fan,1
1601,jaenge,1
1602,aap21hReplyView,1
1603,(3)deepansh.12Kidher,1
1604,bhaiyağŸ”¥23h1,1
1605,(1)divyanshi_nagpalWhy,1
1606,charge,2
1607,small,1
1608,vendors,1
1609,promotions???,1
1610,",",6
1611,hard,1
1612,work,2
1613,earning,1
1614,their,11
1615,butter...ğŸ™„ğŸ™„ğŸ™„ğŸ™„19hReplyView,1
1616,(1)world_wide_food_bloggerWOW!,1
1617,ğŸ˜ğŸ˜,1
1618,CRAVING,1
1619,FOR,1
1620,THIS23h1,1
1621,likeReplyrahul3214thakurBhai,1
1622,kuch,2
1623,bhi,6
1624,kr,2
1625,liya,1
1626,khane,2
1627,alawa18h1,1
1628,likeReplykurushdalalOoofğŸ’Ÿ19hReplythe.foodie.yatraAmazing20hReply5.devendrasingh_ranaHello,1
1629,..My,1
1630,suggestion,2
1631,State,1
1632,Maharashtra,1
1633,District,1
1634,jalgaonCity,1
1635,BhusawalDhaba,1
1636,shere,1
1637,punjab,1
1638,chehel,1
1639,Is,3
1640,mutton,5
1641,chiken,1
1642,ğŸ˜‹.,1
1643,Chehel,1
1644,milk,2
1645,sev,1
1646,bhaji..,1
1647,yumm...ğŸ˜‹20hReply23,1
1648,saipooja553,6
1649,othersdilsefoodieVerifiedMeet,1
1650,Agrrim,1
1651,Who,2
1652,Suffering,1
1653,From,4
1654,Blood,1
1655,CancerSurprise,1
1656,Birthday,1
1657,Party,1
1658,First,1
1659,Episode,2
1660,Of,2
1661,Lunch,1
1662,With,2
1663,Subscriber#dilsefoodie1dthehungryclonesthis,1
1664,pure,2
1665,ğŸ˜­â¤ï¸,1
1666,series,1
1667,karan,2
1668,bhaiyağŸ’¯1d7,1
1669,likesReplysumehrsinghPls,1
1670,well,1
1671,soon!1d5,1
1672,replies__beyourself____sâ™¥ï¸â™¥ï¸1d1,1
1673,likeReplyhardeepparhar93love,1
1674,bro,1
1675,â¤ï¸â¤ï¸â¤ï¸1d1,1
1676,(1)ianuraggroverkya,1
1677,baat,2
1678,dua,2
1679,jiğŸ™ŒğŸ™Œ,1
1680,hats,1
1681,off,1
1682,uh,2
1683,this..,1
1684,god,2
1685,nd,3
1686,birthday,1
1687,ji,3
1688,uh...,1
1689,fit1d2,1
1690,likesReplysufi1244Super,1
1691,person1d2,1
1692,likesReplytarun031089Respect,1
1693,courage,1
1694,strength,1
1695,his,2
1696,fighting,1
1697,big,1
1698,problem,1
1699,holding,1
1700,smileğŸ¤—1d2,1
1701,likesReply19kunalGood,1
1702,sir1d2,1
1703,likesReplypriyanshijha16You,1
1704,Gained,1
1705,respect,1
1706,SirğŸ™ŒğŸ™ŒğŸ™Œâ¤ï¸1d2,1
1707,likesReplykantajhuraniSai,1
1708,rahem,1
1709,nazar,1
1710,Karna,1
1711,bachon,1
1712,palan,1
1713,karna,1
1714,yahan,1
1715,har,1
1716,kabool,1
1717,hotee,1
1718,bachey1d2,1
1719,likesReplysufi1244Saluteâ¤ï¸1d1,1
1720,likeReplykunwarkapoorBhai,1
1721,tum,1
1722,ho..1d1,1
1723,othersdilsefoodieVerifiedMakhani,1
1724,Soyachaap,3
1725,BiryaniAmazing,1
1726,Makhani,2
1727,Biryani,1
1728,Can,1
1729,Also,2
1730,Buy,1
1731,Amazon,1
1732,Search,1
1733,Desi,1
1734,Treat,1
1735,items.,1
1736,#dilsefoodie2dkaran.kakkar.9The,1
1737,quality,4
1738,chaap,5
1739,isn't,1
1740,Stop,1
1741,promoting,1
1742,useless,1
1743,things2d16,1
1744,(13)jas_8476Correct,1
1745,hamare,1
1746,yehan,1
1747,soya,2
1748,nhi,1
1749,milta,1
1750,me2d3,1
1751,(3)gm_the_artsy_lensStop,1
1752,talking,1
1753,more.,1
1754,Getting,1
1755,irritating2d1,1
1756,likeReplydeepansh.12Ye,1
1757,late,1
1758,phele,1
1759,YouTube,1
1760,pe,3
1761,Dala,1
1762,ab,2
1763,pe2d1,1
1764,likeReplyHide,1
1765,repliesmr_4n1_kum4rBiryani,1
1766,lover2dReplyHide,1
1767,repliesankoorhagarwalWe,1
1768,think,3
1769,someone,2
1770,than,3
1771,clearify,1
1772,rather,1
1773,negative,1
1774,hai2d1,1
1775,likeReplyayushchanana8Maine,1
1776,aj,2
1777,hi,4
1778,bnaya,1
1779,Makhni,1
1780,biryani..,1
1781,manufacturer,1
1782,ghr,1
1783,mil,2
1784,gyi2d1,1
1785,likeReplytrulyfoodyz123Hello,1
1786,guys!,1
1787,We,2
1788,current,1
1789,scenario,1
1790,market,3
1791,affected,1
1792,due,1
1793,COVID-19,1
1794,outbreak!,1
1795,"We,",1
1796,'Truly,1
1797,Foodyz',1
1798,brought,1
1799,idea,1
1800,masks,1
1801,sanitizers,1
1802,stall,1
1803,owners,1
1804,"workers,",1
1805,teaching,1
1806,hygiene,2
1807,surroundings.,1
1808,requesting,1
1809,support,2
1810,we'd,1
1811,appreciate,1
1812,lot,2
1813,visit,2
1814,profile,1
1815,give,2
1816,honest,1
1817,feedback,1
1818,"work...Also,",1
1819,post,4
1820,daily,2
1821,'Mouth,1
1822,Watering',1
1823,posts.,1
1824,foody,1
1825,consider,1
1826,following,1
1827,us!2d1,1
1828,likeReplyshammi1258_Jub,1
1829,grave,1
1830,liye,3
1831,dale,1
1832,sath,1
1833,wo,2
1834,dusri,1
1835,kya,2
1836,dali,1
1837,jaisa,2
1838,tha,3
1839,batayen2d1,1
1840,likeReplymr_4n1_kum4rğŸ‘Œ2d1,1
1841,likeReplymahesh.inderğŸ‘Œ2d2,1
1842,likesReplymissjha_greedygutsYummmğŸ˜ğŸ˜ğŸ˜ğŸ˜ğŸ˜2d1,1
1843,likeReply2,1
1844,the_good_goodies_bakery,1
1845,othersdilsefoodieVerifiedTotal,1
1846,Bill,1
1847,Rs.106000Had,1
1848,Fish,1
1849,Burger,2
1850,Salami,1
1851,At,2
1852,Veer,1
1853,Ji,2
1854,"Burger,",1
1855,Geeta,1
1856,Colony#dilsefoodie2dits_me_maanavY,1
1857,clickbait,1
1858,videos2d9,1
1859,(6)mayank_msdIt,1
1860,bad,5
1861,burger...,1
1862,went,1
1863,yesterday,1
1864,friend,1
1865,..,5
1866,ordered,1
1867,same,2
1868,fish,2
1869,burger,6
1870,salaami,1
1871,review,1
1872,gave,1
1873,biased...,1
1874,Price,1
1875,justified,1
1876,shown,1
1877,nothing,1
1878,sort,1
1879,Salaami,1
1880,stiff,1
1881,crunchy,1
1882,Excessive,1
1883,pathetic,1
1884,conclusively,1
1885,lost,1
1886,trust..,1
1887,Not,2
1888,recommendations,1
1889,anymore,1
1890,..ğŸ‘2d26,1
1891,(4)pulkit_lawyerbhai,1
1892,bill,4
1893,zero,1
1894,faltu,1
1895,lag,1
1896,rahi,1
1897,hain2d6,1
1898,(3)mask_1_4__manInki,1
1899,maal,1
1900,malaysia,1
1901,s,2
1902,aata,1
1903,aarha,1
1904,ğŸ¤£ğŸ¤£ğŸ¤£ğŸ¤£,1
1905,#chutiya,1
1906,bnayo,1
1907,janta,1
1908,ka2d7,1
1909,likesReplywho_is_mashhadiItne,1
1910,apun,1
1911,dubai,1
1912,ğŸ”,1
1913,aa,3
1914,jata,1
1915,bsdk2d6,1
1916,likesReplynadeemmalik884Dont,1
1917,Videos,1
1918,For,1
1919,Good,1
1920,Payments.,1
1921,Visited,1
1922,wasn't,1
1923,Good.,1
1924,trust,1
1925,issue,1
1926,oye,1
1927,hoye,1
1928,ğŸ˜¤ğŸ˜¤2d6,1
1929,likesReplyshweta_rohatgiHum,1
1930,normal,2
1931,mai,1
1932,khush,1
1933,bhaiğŸ˜‚ğŸ˜‚ğŸ˜‚2d3,1
1934,likesReplyanshul9078Chutiya,1
1935,chutiya,1
1936,paise,1
1937,leke,1
1938,fake,2
1939,reveiw,1
1940,dene,1
1941,wale,1
1942,sabase,1
1943,bade,1
1944,chutiye,1
1945,ap,1
1946,pados,1
1947,main,3
1948,rehete,1
1949,inake,1
1950,milate,1
1951,shaam,1
1952,reveiw2d1,1
1953,likeReplyminnie_navmita106000!!!???ğŸ’™ğŸ˜’ğŸ˜’ğŸ˜’2d1,1
1954,likeReplychatpate_chattkareWaah,1
1955,waaaah2d1,1
1956,likeReplybharat210586I,1
1957,aapki,2
1958,poori,1
1959,team,1
1960,30-40,1
1961,gye,1
1962,honge,1
1963,isiliye,1
1964,Rs.,1
1965,106000/-,1
1966,bann,1
1967,gya,2
1968,hoga,1
1969,ğŸ˜œğŸ¤£ğŸ¤£ğŸ¤£ğŸ¤£ğŸ¤£1d1,1
1970,likeReplypreetsaini5064Ina,1
1971,bada,2
1972,haye,1
1973,mera,1
1974,dil2dReply2,1
1975,othersdilsefoodieVerifiedLamb,1
1976,Chops,1
1977,Without,1
1978,TandoorRecipe,1
1979,By,3
1980,@chefmahendraraj,1
1981,London,1
1982,#dilsefoodie3dpujasakhlaBhai,1
1983,lamb,1
1984,mat,2
1985,khao,1
1986,usme,1
1987,corona,1
1988,rha,1
1989,ajkal3d2,1
1990,(1)iabhishekkumarrrTooo,1
1991,yummy3d4,1
1992,likesReplygreenearth.asiaBestğŸ˜3d2,1
1993,(1)harshis__foodacityJus,1
1994,tooo,1
1995,ğŸ˜3d1,2
1996,(1)eatwithruchiMaza,1
1997,agaya,2
1998,sachi,1
1999,â¤ï¸â¤ï¸3d1,1
2000,(1)foodvoyagerbadhanDrooling,1
2001,(1)pratima_mourya_28WowğŸ˜‹ğŸ˜‹ğŸ˜‹ğŸ˜‹3d1,1
2002,(1)mayankgulia3ğŸ”¥ğŸ”¥ğŸ”¥ğŸ”¥3d2,1
2003,likesReplybhukkarfoodieMouth-watering,1
2004,ğŸ¤¤3d2,1
2005,likesReplyplate_overloadedDelicious,1
2006,lookingğŸ¤—3d1,1
2007,(1)gastronomicjournalSo,1
2008,good3d1,1
2009,likeReplyinventorying101ğŸ˜3d1,1
2010,likeReply3,2
2011,happy_bites_by_kritika,1
2012,othersdilsefoodieVerifiedExperience,1
2013,Awesome,2
2014,City,2
2015,SamsungExperience,1
2016,Samsung,1
2017,where,6
2018,Awesomeness,1
2019,Food,2
2020,Karan,1
2021,Dua,1
2022,exclusively,1
2023,Radio,1
2024,City.,1
2025,#AwesomenessWithSamsung,1
2026,#AwesomeCity,1
2027,#GalaxyA31,1
2028,#GalaxyA514dvikasdeep1616Follow,1
2029,me4d3,1
2030,likesReplysuprit_mishrağŸ˜4d2,1
2031,likesReplyfoodieforeverandever23Superb4d2,1
2032,likesReplycravingtoeatArrey,1
2033,GAJAB,1
2034,ğŸ¤©ğŸ¤©ğŸ¤©4d1,1
2035,likeReplytaru.patel.1422NiceğŸ‘ŒğŸ‘Œ4d1,1
2036,likeReplydesiduniyafoodtalkCentral,1
2037,foodies,1
2038,hub4d1,1
2039,likeReplycuty_beautyf_khanâ¤ï¸4dReplykolkatadelitesLoved,1
2040,ğŸ˜4dReplyvjychauhanğŸ‰ğŸ‰congratulations,1
2041,sa3dReplyfoodvoyagerbadhanLuscious,1
2042,ğŸ˜ğŸ˜‹3dReplyfood_frescoğŸ˜ğŸ”¥4dReplyms_02062004Plz,1
2043,explore,2
2044,Afghani,1
2045,places,3
2046,Saket,1
2047,"Lajpat,",1
2048,Israeli,1
2049,Pahanrganj,1
2050,Tibetian,1
2051,Majnu,1
2052,Tila3dReply4,1
2053,othersdilsefoodieVerifiedCheesy,1
2054,Chilli,1
2055,Garlic,1
2056,Maggi,1
2057,@chatpati_shikhaMujhe,1
2058,Ek,1
2059,Dum,1
2060,Simple,1
2061,Wali,1
2062,Pasand,3
2063,Hai,2
2064,Aap,1
2065,Batao,1
2066,Apko,1
2067,Kaisi,1
2068,?#dilsefoodie4dmanpreet.somiPani,1
2069,jayda,1
2070,dal,5
2071,diya.4d30,1
2072,likesReplydivya.thareja.04Arey,1
2073,half,1
2074,maggi,1
2075,kiske,1
2076,"rakhdi,",1
2077,3,2
2078,dete,1
2079,puri,1
2080,ğŸ˜‚4d8,1
2081,(2)ayusshsharrmağŸ¤£,1
2082,phli,1
2083,baar,2
2084,ri,1
2085,sauce..mai,1
2086,saal,1
2087,phle,1
2088,khaata,1
2089,mayonnaise4d10,1
2090,likesReplyjatin9598Maggi=ğŸ¤®4d11,1
2091,(7)varunfuriaThe,1
2092,Original,1
2093,better.,1
2094,variation,1
2095,fine...4d5,1
2096,likesReplythe_travel_expressAreyy,1
2097,bhadiağŸ‘Œ4d4,1
2098,likesReplyashmitachauhan93So,1
2099,yummy4d2,1
2100,(1)v_s_foodsLooks,1
2101,amazing4d1,1
2102,likeReply_mr._lachhwani_bhot,1
2103,jada,1
2104,pesand,1
2105,muje,1
2106,.....,1
2107,mhu,1
2108,panii,1
2109,gaya,2
2110,yar,1
2111,ğŸ”¥,1
2112,..ğŸ˜‹ğŸ˜‹ğŸ˜‹4d1,1
2113,likeReplythefoodieshubWaah,1
2114,haiğŸ‘ŒğŸ»4d1,1
2115,likeReplyheart__for_sales@_ppr_priyanka_,1
2116,@___l.u.m.p.k.i.n___,1
2117,amti,1
2118,kariki,1
2119,pathaaa,1
2120,re..ğŸ˜‹ğŸ˜‹ğŸ™ğŸ˜¥ğŸ¥ºğŸ¥ºğŸ˜šğŸ¥°4d2,1
2121,(6)simran.17.1996@the_suryansh_agrahari,1
2122,@bhumie.2004,1
2123,@vaibhav_79_4d2,1
2124,(2)4,1
2125,foodconnectindia,1
2126,othersdilsefoodieVerifiedCar,1
2127,Restaurant,1
2128,North,1
2129,DelhiOpposite,1
2130,Permanand,1
2131,Hospital#dilsefoodie5dsumit.maamJammu,1
2132,rajma,1
2133,koi,1
2134,beat,1
2135,nai,1
2136,sakta,1
2137,ek,1
2138,no.,1
2139,Wikipedia,1
2140,tak,1
2141,par,1
2142,lekha,1
2143,h.5d4,1
2144,(1)jattdiqueen__â¤ï¸â¤ï¸5d3,1
2145,likesReplydesiduniyafoodtalkLooks,1
2146,damn,2
2147,ğŸ˜€ğŸ˜€ğŸ˜€5d3,1
2148,likesReplyabhinav.gulati92Bhai....,1
2149,Overreact,1
2150,kaam,1
2151,kiya,1
2152,kr.....,1
2153,ğŸ™ğŸ™Please4d1,1
2154,likeReplyfoodvoyagerbadhanAhha,1
2155,Droolsome,1
2156,ğŸ˜ğŸ˜‹5d1,1
2157,likeReplydizzi_ripGhar,1
2158,bahar,1
2159,kyu,2
2160,aye,1
2161,?ğŸ˜‚ğŸ˜‚ğŸ˜‚....by,1
2162,videos5d1,1
2163,likeReplytheadikashWe,1
2164,â™¥ï¸ğŸ˜Š,1
2165,blogger,1
2166,â™¥ï¸5d1,1
2167,likeReplyatharvjaiswaMayapuri,1
2168,phase,1
2169,214h1,1
2170,likeReplydeepansshğŸ”¥ğŸ˜5d1,1
2171,likeReplysunainabeeYaaas,1
2172,#supportsmallbusiness,1
2173,truest,1
2174,sense5d1,1
2175,likeReplydillisheharwaliğŸ˜‹ğŸ˜‹ğŸ˜‹5d1,1
2176,likeReplyrubiya_kalandar14https://instagram.com/stories/rubiya_kalandar14/2375502824471941424?utm_source=ig_story_item_share&igshid=h0ug203jzx5s3d1,1
2177,likeReply5,2
2178,othersdilsefoodieVerifiedDugDugDug,1
2179,Pritam,1
2180,Meat,1
2181,WalaAmazing,1
2182,Taste,1
2183,Reasonable,1
2184,Price#dilsefoodie6ddebdiptaofficialAj,1
2185,janmastami,1
2186,vai,1
2187,chor,1
2188,do6d3,1
2189,(5)cravingtoeatPaaji,1
2190,Aaj,1
2191,Janmasthami,1
2192,"hai,",1
2193,avoid,1
2194,non,2
2195,ğŸ’ğŸ™…6d5,1
2196,likesReplylostkabristan89Butter,1
2197,chlole,1
2198,"bhature,",1
2199,"meat,",1
2200,manmeet(Amul,1
2201,butter),1
2202,aaage,1
2203,badho,1
2204,Bahut,1
2205,karne,1
2206,!6d2,1
2207,likesReplykhaandashaukeenDekh,1
2208,maza,1
2209,aagayağŸ˜6d2,1
2210,likesReplyrishirana784Bhai,1
2211,aapke,1
2212,khana,1
2213,jaise,1
2214,lie,1
2215,unhone,1
2216,headcap,1
2217,pehne,1
2218,naa,2
2219,scripted,1
2220,content,3
2221,lagta,1
2222,ğŸ¤¯ğŸ¤¯6d1,1
2223,likeReplymr.pathrefoodhttps://www.youtube.com/channel/UC-2p3jjkwA6GPKwFu6Yz8Ag6d1,1
2224,likeReplyindianfoodierasoiğŸ˜‹ğŸ˜‹6d1,1
2225,likeReplythefoodie_lawyerğŸ’¯â¤ï¸6d1,1
2226,likeReplykshitijahuja743Very,1
2227,shady,1
2228,placeğŸ‘6d1,1
2229,likeReplythe.hypeheadSir..Tuesday,1
2230,veg,1
2231,kijiyeğŸ˜…ğŸ˜­ğŸ˜‚6d1,1
2232,likeReplyrichabatra_blogSuper,1
2233,yummmğŸ‘ŒğŸ»ğŸ‘ŒğŸ»ğŸ‘ŒğŸ»6d1,1
2234,likeReplymayankgulia3ğŸ”¥ğŸ”¥ğŸ”¥Hot,1
2235,PajiğŸ”¥ğŸ”¥6d1,1
2236,likeReply6,2
2237,shivangi2324,1
2238,othersdilsefoodieVerifiedBhagwan,1
2239,Das,1
2240,Ke,1
2241,Bheege,1
2242,KulcheOh,1
2243,Hoo,1
2244,Maza,1
2245,Agya,1
2246,Tha,1
2247,Khaa,1
2248,Kar.This,1
2249,Video,1
2250,Recorded,1
2251,Before,1
2252,Corona,1
2253,Pandemic.#dilsefoodie1wlokesh.lucky1100One,1
2254,thing,2
2255,videos...ur,1
2256,rich,1
2257,entices,1
2258,say,3
2259,compel,1
2260,users,1
2261,end...thanks,1
2262,Manmeet..he,1
2263,captures,1
2264,well.1w3,1
2265,likesReplyflavorsoflucknowMaza,1
2266,aagya,1
2267,broğŸ˜1w3,1
2268,likesReplydev.hirparaBhai.,1
2269,Rekdi,1
2270,vale.,1
2271,Bhai.,1
2272,Ko.,1
2273,Nam,1
2274,se.,1
2275,Bulayy.,1
2276,Yee.,1
2277,Unhee,1
2278,achaa.,1
2279,LagegaağŸ˜¢ğŸ˜¢1w3,1
2280,likesReplyvineet.virmaniğŸ‘ğŸ˜1w2,1
2281,likesReplyprince.sanchetiâ¤ï¸â¤ï¸â¤ï¸â¤ï¸â¤ï¸â¤ï¸â¤ï¸1w2,1
2282,likesReplymouth.wateringfoodğŸ˜‹ğŸ˜‹1w2,1
2283,likesReplyharsh_arora112Bheega,1
2284,kulcha,1
2285,ğŸ˜‚ğŸ˜‚ğŸ˜‚,1
2286,mne,1
2287,yt,1
2288,dekha,1
2289,10,1
2290,bolne,1
2291,mila,1
2292,isko,1
2293,kulchağŸ˜‚1w2,1
2294,likesReplyj4__jatin__Bhai,1
2295,address,1
2296,Caption,1
2297,type,1
2298,krdiya,1
2299,kam,2
2300,hum,2
2301,lenge,1
2302,ğŸ˜…ğŸ˜…â¤â¤1w2,1
2303,likesReplyeatwithruchiMaza,1
2304,ğŸ’•1w2,1
2305,likesReplyrushabhdagaleBhai,1
2306,aapaka,1
2307,pet,1
2308,dukhata,1
2309,hoga1w2,1
2310,likesReplyrohitsidhuuBhai,1
2311,repeat,1
2312,dalty,1
2313,rehty,1
2314,smjh,1
2315,ni,1
2316,ata,1
2317,ğŸ™„ğŸ™„1w1,1
2318,likeReplymuhammadmoin28https://youtu.be/t4bqYDZcv0w1w1,1
2319,foodtalkindiaVerifiedâ€¢FollowingLiked,9
2320,irima_adler,1
2321,othersfoodtalkindiaVerifiedPizza,1
2322,doesnâ€™t,1
2323,pizza?,1
2324,@chicagopizzaofficial,1
2325,covered,1
2326,Home,1
2327,Kit,1
2328,lucky,1
2329,premium,1
2330,DIY,3
2331,kit,1
2332,toppings!,1
2333,Hereâ€™s,1
2334,how:1.,1
2335,Tell,1
2336,topping.2.,1
2337,Tag,2
2338,lover,2
2339,you'll,1
2340,with!3.,1
2341,@chicagopizzaofficialPs.,1
2342,open,3
2343,only.,1
2344,closes,1
2345,20th,1
2346,"August,",1
2347,"Thursday,",1
2348,12,1
2349,PM.16hthegirlwiththecurlss@supritea_,1
2350,east,1
2351,"west,",1
2352,pineapple,2
2353,eez,1
2354,da,1
2355,besssht,1
2356,ğŸ14h2,1
2357,likesReplyms.suriyanshhiiiMine,1
2358,topping,2
2359,onionğŸ™ˆ,1
2360,favâ¤ï¸,1
2361,mains,1
2362,@thespoiled_ink,1
2363,@theuntold_secrets,1
2364,@mayankk200,1
2365,â¤ï¸13h4,1
2366,(2)sureenadalalPeople,1
2367,hate,1
2368,saying,1
2369,"this,",1
2370,looove,1
2371,grilled,1
2372,spices,1
2373,ğŸ™ŒğŸ»,1
2374,@sneko20,1
2375,say?16h3,1
2376,(2)mitashashishporwalFavorite,1
2377,capsicum.,1
2378,@ashish.insta,1
2379,@chicagopizzaofficial14h2,1
2380,(2)delhioutsidersFavvv,1
2381,toppings,1
2382,"pepperoni,",1
2383,obviously,1
2384,one's,1
2385,better,2
2386,@_ananya.23_,1
2387,things11h2,1
2388,(1)radhikabatra15Pepperoni,1
2389,@puneetprakash16h2,1
2390,(1)ash_preet__varmaniDressings,1
2391,"mushrooms,",1
2392,sun,1
2393,dried,1
2394,"tomatoes,",1
2395,fresh,1
2396,parmesan,1
2397,cheeseâ¤ï¸..,1
2398,Tagging,1
2399,@aastha0518,1
2400,ğŸ˜ğŸ•ğŸ˜ğŸ•16h2,1
2401,(1)rainbow.stringsJalapeÃ±o,1
2402,All,3
2403,meals,1
2404,@maneetbedi,1
2405,ğŸ•&,1
2406,saved,1
2407,manner,1
2408,phone,1
2409,ğŸ˜œ15h2,1
2410,(1)reshma_ahmad143Extra,1
2411,ğŸ˜@shreyashah429,1
2412,@iamprakritideshwal,1
2413,@roshnitiwari23416h2,1
2414,(1)nishthaa31Pepperoni,1
2415,cheeseğŸ¤¤,1
2416,@sakshimadaan270312h2,1
2417,(1)nishthaa31Barbeque,1
2418,"chicken,",1
2419,paprika,1
2420,cheeseğŸ¤¤ğŸ¤¤,1
2421,@kamna.rishiraj12h2,1
2422,(1)littlepinchofyumChicken,1
2423,tikka.ğŸ”¥,1
2424,@the.cinnamenon,1
2425,Orennam,1
2426,edukkatte?ğŸ˜‚15h1,1
2427,(1)16,1
2428,dressy_drifter,1
2429,othersfoodtalkindiaVerified#NewInTown,1
2430,@jadeforestin,1
2431,Has,1
2432,created,2
2433,Indiaâ€™s,1
2434,first,1
2435,Elderflower,1
2436,Tonic,1
2437,Water.,1
2438,launched,1
2439,Grapefruit,1
2440,tonic,3
2441,Club,1
2442,Soda,1
2443,Pre,1
2444,Order.,1
2445,Link,1
2446,bio,1
2447,:),1
2448,#HomeGrown1dupasana.silSuper!,1
2449,Congratulations,1
2450,@shuchirsuri,2
2451,best.,1
2452,Canâ€™t,1
2453,wait,2
2454,new,4
2455,flavours.1d2,1
2456,(1)mrwhimsicalbakerElderflower,1
2457,sounds,1
2458,delectable!15h1,1
2459,likeReplyaditichengappaVerifiedLoved,1
2460,ginger,3
2461,ale,2
2462,!!1d3,1
2463,(2)foodinzaI,1
2464,this!,1
2465,Loved,1
2466,@jadeforestin17h3,1
2467,(1)1,1
2468,shagunchow,1
2469,othersfoodtalkindiaVerifiedHappy,1
2470,National,1
2471,Rum,2
2472,Day!,1
2473,ğŸ¸Rum,1
2474,drink,3
2475,fans,1
2476,lovers,1
2477,cult,1
2478,following.,1
2479,5,1
2480,reasons,1
2481,life...,1
2482,desserts,1
2483,"drink,",1
2484,whip,1
2485,delights,1
2486,rum,5
2487,raisin,1
2488,"cake,",1
2489,truffles.,1
2490,Goes,1
2491,When,1
2492,never,3
2493,fret,1
2494,mixers.3.,1
2495,Holiday,1
2496,throwback,1
2497,There,3
2498,something,1
2499,tastes,1
2500,tropical.4.,1
2501,those,3
2502,cocktails,1
2503,Mai,1
2504,"Tai,",1
2505,"Hurricane,",1
2506,"Mojito,",1
2507,Dark,1
2508,â€˜Nâ€™,1
2509,"Stormy,",1
2510,Zombieâ€¦the,1
2511,basically,1
2512,endless.5.,1
2513,Available,2
2514,ever,2
2515,walking,1
2516,bar,3
2517,anywhere,2
2518,world,3
2519,fix.1dpoetry_on_plateğŸ˜ğŸ˜ğŸ˜‹1d2,1
2520,likesReplyal_bismillah_biriyaniğŸ™Œ1d1,1
2521,likeReplyshilpi.eatsWow1d1,1
2522,likeReplyduttaleezaRum,1
2523,cola,1
2524,favğŸ‘Œ1d1,1
2525,likeReplyparineetasethiNice,1
2526,â¤ï¸1d1,2
2527,likeReplyplate_overloadedLovely,1
2528,shotğŸ˜Š1d1,1
2529,likeReplyal_bismillah_biriyaniğŸ˜1d1,1
2530,likeReplyfood_stuffdairyğŸ‘ŒğŸ‘ŒğŸ‘ŒğŸ‘Œ1d1,1
2531,likeReplypavan_yadav_372ğŸ™ŒğŸ™Œ1d1,1
2532,likeReplydelhi_review_err_94Only,1
2533,reason,1
2534,saathi,1
2535,gam,1
2536,ğŸ˜Š1d1,1
2537,likeReplyindianfoodierasoiğŸ˜ğŸ˜1d1,1
2538,likeReplyitsmeanika11Love,1
2539,ashima.caroli,1
2540,othersfoodtalkindiaVerifiedWe,1
2541,"strangers,",1
2542,friends,2
2543,haven't,1
2544,met,1
2545,yet!,1
2546,A,1
2547,"conversations,",1
2548,vibes,1
2549,spirits!One,1
2550,â€˜Always,1
2551,Mix,1
2552,inâ€™!,1
2553,#Jameson,1
2554,#IrishWhiskey,1
2555,#AlwaysInToMixIn,1
2556,@jamesonwhiskey3dnomadicdrinkerğŸ‘3d1,1
2557,likeReplyfood_flavour_feastCheersğŸ¥ƒâ˜ºï¸1d1,1
2558,likeReplynitishatripathi@radhika.naithani,1
2559,@vanshja13,1
2560,@ishita_naithani3d3,1
2561,(2)mrchefrahul@k_mukesh135,1
2562,@krushang_t,1
2563,ğŸ”¥2d3,1
2564,likesReplyshilpachangder94@sangitachetry10,1
2565,ğŸ˜‚ğŸ˜‚â¤ï¸â¤ï¸3d1,1
2566,(1)rajairconditioner@rajairconditioner,1
2567,ğŸ‘ğŸ‘ğŸ‘ğŸ‘ğŸ‘ğŸ‘3d1,1
2568,theguiltlessfoodiestravel,2
2569,othersfoodtalkindiaVerified#TrendTalk,1
2570,internetâ€™s,1
2571,newest,1
2572,breakfast,2
2573,miniature,1
2574,croissants,1
2575,â€œMini,1
2576,Croissant,1
2577,Cerealâ€,1
2578,becomes,1
2579,rave,1
2580,social,1
2581,media!Picture,1
2582,Courtsey,1
2583,Insider4dthebitterbossSo,1
2584,nice!!!,1
2585,India?4d1,1
2586,(4)hangrycurlsWhere,1
2587,these?!,1
2588,ğŸ˜4d3,1
2589,(1)thefatinspectorğŸ¤¤ğŸ‘Œâ¤ï¸4d3,1
2590,likesReplykalpitadeshmukhThis,1
2591,cute!ğŸ˜ğŸŒŸ4d1,1
2592,likeReplycook_click_feastOmgâ¤ï¸,1
2593,beautifulğŸ‘Œ4d2,1
2594,likesReplyradhika.kayOhmygod!,1
2595,them!!!!4d2,1
2596,likesReplyfoodinzaWaah,1
2597,pancake!4d1,1
2598,likeReplykhushboosinghlaU,1
2599,won't,1
2600,stop,1
2601,start,1
2602,them....,1
2603,milk...,1
2604,ğŸ¤©3d1,1
2605,likeReply_sanju_and_ferryLove,1
2606,ğŸ”¥ğŸ‘4d1,1
2607,likeReplybawarchisethThis,1
2608,nice4d1,1
2609,likeReplystudiobakeWow!,1
2610,Looks,1
2611,awesome!4d1,1
2612,likeReplyindianfoodierasoiğŸ˜ğŸ˜4d1,1
2613,likeReply4,1
2614,othersfoodtalkindiaVerifiedEnjoy,1
2615,#farzi,1
2616,specials,1
2617,comfort,1
2618,@farzicafe,1
2619,â€˜s,1
2620,menu,1
2621,blend,2
2622,modern,2
2623,culinary,1
2624,techniques,1
2625,molecular,1
2626,gastronomy,1
2627,styles,1
2628,offering,2
2629,high-energy,1
2630,dining,2
2631,experience.,1
2632,Your,2
2633,safety,3
2634,utmost,1
2635,priority.,1
2636,They,1
2637,taking,1
2638,precautions,1
2639,preparing,1
2640,delivering,1
2641,food.Now,1
2642,"dine-in,",1
2643,"away,",1
2644,delivery.For,1
2645,delivery,2
2646,takeaway,1
2647,call:,1
2648,+91,1
2649,7259400900,1
2650,/,1
2651,72596009005daskforfoodie_1713â¤ï¸â¤ï¸,1
2652,amazingly,1
2653,presented,1
2654,ğŸ˜Š5d2,1
2655,likesReplyfoodbeyondboundariesâ¤ï¸ğŸ˜‹this,1
2656,perfectly,1
2657,ğŸ‘ŒğŸ»ğŸ‘ğŸ»amazing,1
2658,shot,1
2659,ğŸ“¸â™¥ï¸ğŸ‘ğŸ»ğŸ‘ŒğŸ»5d2,1
2660,likesReplyolivegreendietsğŸ‘5d1,1
2661,likeReplyletscooksimplylooks,1
2662,delicious5d1,2
2663,likeReplyahaaafoodYummy,1
2664,ğŸ˜5d1,1
2665,likeReply_the.tale.of.taste_Amazing,1
2666,picture!â¤ï¸ğŸ’¯It,1
2667,page,3
2668,â¤ï¸5d1,1
2669,likeReplypoetry_on_plateGreat,1
2670,shotğŸ˜5d1,1
2671,likeReplyfoodstories415Amazing5d1,1
2672,likeReply_houseoftastyğŸ¤¤ğŸ¤¤,1
2673,fancy5d1,1
2674,likeReplyveentejğŸ¤©,1
2675,ğŸ˜‹wow,1
2676,yummy5d1,1
2677,likeReplycity_chic_lifestyleThis,1
2678,likeReplysnap_kitchen5Delicious,1
2679,ğŸ˜‹5d1,1
2680,othersfoodtalkindiaVerifiedTrigger,1
2681,Warning:,1
2682,Incident,1
2683,caught,1
2684,camera,1
2685,wine,3
2686,shop,2
2687,"Rohini,",1
2688,New,1
2689,Delhi5dashritha66Kudos,1
2690,staff,1
2691,shopğŸ‘ğŸ».,1
2692,If,1
2693,customer,1
2694,service,1
2695,customers,1
2696,talk,2
2697,out.,1
2698,Violence,1
2699,damage,3
2700,property,1
2701,solution.,1
2702,Every,1
2703,hand,1
2704,raiseğŸ‘ğŸ»ğŸ‘ğŸ»ğŸ‘ğŸ»ğŸ‘ğŸ»5d163,1
2705,(20)nigelthenihilistJust,1
2706,NCRğŸ˜„5d146,1
2707,(1)anchitkapoorrFood,1
2708,india,1
2709,representing,1
2710,ğŸ˜‚ğŸ˜‚5d116,1
2711,(1)kanchan__7I,1
2712,exploring,1
2713,experiencing,1
2714,news,1
2715,AajTak,1
2716,channel,1
2717,shows,1
2718,game,1
2719,guys5d79,1
2720,(6)worldculinaryentertainmentClassic,1
2721,stone,1
2722,cold,1
2723,Steve,1
2724,Austin,1
2725,entrance,1
2726,music,1
2727,vibes5d76,1
2728,(2)dr_nick27Drinking,1
2729,injurious,1
2730,health,1
2731,!!!..,1
2732,who,3
2733,(even,1
2734,drop),1
2735,destroying,1
2736,body,3
2737,"soul,",1
2738,personalities,1
2739,included..,1
2740,It's,1
2741,drug..,1
2742,Which,2
2743,destroys,1
2744,"finances,",1
2745,Families,1
2746,character,1
2747,Lives..,1
2748,helps,1
2749,pockets,1
2750,government,1
2751,corporates...,1
2752,NO,1
2753,manhood,1
2754,drinking,2
2755,ANY,1
2756,fool,1
2757,drink...,1
2758,REAL,1
2759,Man,1
2760,Or,1
2761,woman,1
2762,says,1
2763,temptationğŸ’ª..,1
2764,"Alcohol,",1
2765,"Tobacco,",1
2766,drugs,1
2767,etc,1
2768,"poison,",1
2769,permanent,1
2770,effect,1
2771,body..,1
2772,'enjoyment',1
2773,temporary,1
2774,",its",1
2775,illusion,1
2776,runs,1
2777,FAKE...,1
2778,everlasting...,1
2779,Quit,2
2780,Respect,1
2781,Protect,1
2782,mind..,1
2783,Save,1
2784,money,1
2785,things..,1
2786,end,1
2787,countless,1
2788,stories,1
2789,destroyed,1
2790,killed,1
2791,families,1
2792,persons...,1
2793,corrupt,1
2794,yourselves..,1
2795,Say,1
2796,peer,1
2797,"pressure,",1
2798,habits...,1
2799,Open,1
2800,Reality...,1
2801,read,1
2802,message..,1
2803,embrace,1
2804,life.5d53,1
2805,(12)mani.agarwalYou,1
2806,viewer,1
2807,discretion,1
2808,video.,1
2809,disturbing,1
2810,watch.,1
2811,What's,1
2812,wrong,3
2813,guys?,1
2814,anyway,1
2815,related,1
2816,Talk?5d35,1
2817,(12)this.is.sagarOk,1
2818,Delhi.,1
2819,Sounds,1
2820,#saynotocorona5d41,1
2821,(1)nimitkalraDont,1
2822,anything,1
2823,post..,1
2824,Something,1
2825,needs,1
2826,shared,1
2827,realise,1
2828,fault,1
2829,buyer,1
2830,showing,1
2831,unnecessary,1
2832,aggression,1
2833,.5d33,1
2834,likesReplydevarshathakercue,1
2835,unfollow.5d22,1
2836,(7)priyanka.gandhi.18Did,1
2837,break,1
2838,bottles,1
2839,head,1
2840,ğŸ˜®ğŸ˜®ğŸ˜®5d16,1
2841,(5)arjakmitrathe,1
2842,helmet,1
2843,guy,1
2844,came,1
2845,prepared,1
2846,shit5d15,1
2847,(3)5,1
2848,shuchirsuri,3
2849,othersfoodtalkindiaVerifiedEver,1
2850,since,1
2851,â€˜Homeâ€™,1
2852,BAR,1
2853,"pandemic,",1
2854,rounded,1
2855,6,1
2856,essentials,1
2857,behind,1
2858,bar.,1
2859,look...,1
2860,ğŸ¸ğŸ¹Shop,1
2861,via,1
2862,@thebartools6danurai_25ğŸ¤©ğŸ¤©ğŸ¤©6d1,1
2863,othersfoodtalkindiaVerifiedThe,1
2864,Cosmopolitan,1
2865,Italian,1
2866,design,1
2867,vibrance,1
2868,Thai,3
2869,"hues,",1
2870,@_botai,1
2871,grill,1
2872,concept,1
2873,opened,1
2874,door,1
2875,again!,1
2876,Canai,1
2877,Avocado,1
2878,Parched,1
2879,Liang,1
2880,"kham,",1
2881,Bo,2
2882,Tai,2
2883,unmatched,1
2884,experience,1
2885,food..With,1
2886,stress-free,1
2887,top,1
2888,"priority,",1
2889,gastronomic,1
2890,voyage!,1
2891,.Now,1
2892,Dine,1
2893,"in,",1
2894,away.1woink__oinkkWoooow!,1
2895,That,2
2896,fab!,1
2897,ğŸ˜1w2,1
2898,likesReplyfitness_freaks_._Hello1w1,1
2899,likeReplyf0odpadğŸ˜â¤ï¸1w1,1
2900,likeReplyfoodiescorner55Woww1w1,1
2901,likeReplyf_fo_foodwowğŸ‘ŒğŸ˜1w1,1
2902,likeReplycuisiner_meAmazingğŸ˜ğŸ˜ğŸ‘ğŸ‘ğŸ‘1w1,1
2903,likeReplyfoodoholic_memoirLooks,1
2904,soooo,1
2905,good1w1,1
2906,likeReply_cafeholicTasty1w1,1
2907,likeReplythekitchenyarnDrooling1w1,1
2908,likeReplyhoponstreetDelicious,1
2909,ğŸ˜‹1w1,1
2910,likeReplyhealth_food_nutritionSuper,1
2911,ğŸ‘Œ1w1,1
2912,likeReplytechmaxnowğŸ˜‹ğŸ˜‹ğŸ‘ŒğŸ‘ŒğŸ‘Œ1w1,1
2913,foodtalkindiaVerifiedâ€¢FollowingCarter,1
2914,RoadLiked,1
2915,othersthe_bongcolleenGood,1
2916,find,1
2917,hates,1
2918,sushi,2
2919,ğŸ˜¬ğŸ¤£1w10,1
2920,(1)fashplatterWhat,1
2921,earth,1
2922,ğŸ˜‚.,1
2923,Sushi1w10,1
2924,likesReplykhalidwaniAdds,1
2925,wasabi,1
2926,thinking,1
2927,green,1
2928,chatney,1
2929,thinks,1
2930,pyaaz.,1
2931,Fuck,1
2932,"sake,",1
2933,learn,1
2934,it.1w6,1
2935,(4)haaaaaroonğŸ˜‚ğŸ˜‚ğŸ˜‚ğŸ˜‚,1
2936,ğŸ£1w1,1
2937,(1)kripaguptağŸ˜‚ğŸ˜‚ğŸ˜‚ğŸ˜‚1w1,1
2938,(1)tasneemsarfarazhahahha1w2,1
2939,likesReplyfoodie_babaYou,1
2940,serious,1
2941,!1w2,1
2942,likesReplythebhukkadvagabondSushi,1
2943,â™¥ï¸1w2,1
2944,likesReplynikhilportraitvisionHahaha1w2,1
2945,likesReplypriyankahingoraniTrust,1
2946,aren't,1
2947,worth,1
2948,ğŸ˜‚1w2,1
2949,likesReplyshreyaachaurasiaNot,1
2950,true,1
2951,allll1w1,1
2952,likeReplyeatbyhand_ebhğŸ˜‚ğŸ˜‚ğŸ˜‚1w1,1
2953,8Post,1
2954,delhifoodguideâ€¢FollowLiked,9
2955,_shruuu_99,6
2956,othersdelhifoodguidePlate,1
2957,Ram,1
2958,Ladoo,1
2959,topped,1
2960,shredded,1
2961,radish,1
2962,=,3
2963,Mauja,2
2964,ğŸ˜‚ğŸ˜œğŸ˜,1
2965,...#delhifoodguide1w_tripti__verma_Place??1wReplyView,1
2966,(1)vaxnsmI,1
2967,this1w1,1
2968,likeReplyshegi.chYummy1wReplyabdulrahman0102ğŸ‘Œâ¤ï¸5dReplycruising_cuisineFavoriteâ¤ï¸1wReplydillisheharwaliğŸ˜‹ğŸ˜‹ğŸ˜‹1wReplykoochbhi1Love,1
2969,Moong,1
2970,"bondas,",1
2971,Radish,1
2972,Green,1
2973,Chutney.1wReplydrgauravsepoliaPalle1wReplyswati_ka_kitchen_0029Looking,1
2974,deliciousğŸ˜ğŸ˜1wReplyvishaltanwar3143Yr,1
2975,km,2
2976,location,1
2977,dala,1
2978,kro,1
2979,bc.5dReplyreyashreya23@knjoshi_93,1
2980,these..........?6d1,1
2981,(4)7,1
2982,simplyshalini,4
2983,othersdelhifoodguideKeema,1
2984,curry,1
2985,+,8
2986,Keema,1
2987,Egg,1
2988,Curry,1
2989,desi,1
2990,ghee,1
2991,lachha,1
2992,paratha,1
2993,Maja,2
2994,He,1
2995,Gaya,1
2996,!!,1
2997,#MustTryPlace.Location,1
2998,Ambersari,1
2999,Dhaba,1
3000,C,1
3001,"Block,",1
3002,Lajpat,1
3003,Nagar-1Tag,1
3004,â¤ï¸â¤ï¸...#delhifoodguide1wkadhaistoriesThis,1
3005,utterly,1
3006,tempting1w1,1
3007,likeReplyme_jeet_â¤ï¸â¤ï¸â¤ï¸â¤ï¸â¤ï¸1w1,1
3008,likeReplyurban.eateryyğŸ‘ŒğŸ‘Œ1w1,1
3009,likeReplydroolsome_foodspotWant!!!ğŸ¤¤1w1,1
3010,likeReplymayank_msdThis,1
3011,curry...1w1,1
3012,othersdelhifoodguideTawa,1
3013,Dal,1
3014,Butter,1
3015,Naan,1
3016,Veg,1
3017,Pulao,1
3018,Mast,1
3019,Dinner,1
3020,.Location,2
3021,Qureshi`s,1
3022,Kabab,1
3023,"Corner,",1
3024,South,1
3025,Extension,1
3026,II2wachalsharma0001South,1
3027,extension,1
3028,lakh,1
3029,aaya,1
3030,hoga2wReplyView,1
3031,(1)sparsh_sharma17ğŸ˜2wReplyshourab.guptaIt's,1
3032,bit,1
3033,hot,1
3034,though2wReplythefoodiesistaOhh,1
3035,ğŸ˜ğŸ˜2wReplymr__sk001Is,1
3036,veg2wReplyloveleensingh92@naval_gupta_,1
3037,@grawal.30,1
3038,order,1
3039,Peaky,1
3040,Blinders,1
3041,ğŸ˜…2w3,1
3042,(2)August,1
3043,3Post,1
3044,delhifoodguideâ€¢FollowDurga,1
3045,Sweets,1
3046,CornerLiked,1
3047,othersdelhifoodguideBreakfast,1
3048,Chole,3
3049,Bhature,1
3050,jai,1
3051,jaye,1
3052,â™¥ï¸2waseemtiwaryBhai,1
3053,owner,1
3054,zara,1
3055,aram,1
3056,se..,1
3057,ğŸ˜‚2wReplyswati_ka_kitchen_0029ğŸ‘ğŸ‘ğŸ‘2wReplymr__sk001Mt,1
3058,De2wReplymalik.yatinğŸ˜ğŸ˜2wReplyimegha.23sarojini,1
3059,?2wReplypie.bhavyanarangğŸ‘ŒğŸ‘Œ2wReplysandeepsingh4474I,1
3060,call,1
3061,addict,2
3062,centre.And,1
3063,already,1
3064,chole,1
3065,bhature2wReplysurbhee1130@shubhamirkal,1
3066,ğŸ˜2wReplyView,1
3067,(1)July,1
3068,30Post,1
3069,othersdelhifoodguideTodayâ€™s,1
3070,lunch,2
3071,Kadhi,1
3072,Chawal,1
3073,Roti,2
3074,ğŸ˜‹ğŸ˜‹.What,1
3075,ru,2
3076,guys,2
3077,today?3wdiksha._21SameğŸ˜‰ğŸ˜Š3w1,1
3078,likeReplydwarika_nayakWow,1
3079,ğŸ˜Š3w1,1
3080,likeReplyfood_freak_storyKadhi,1
3081,ğŸ˜ğŸ˜ğŸ˜‹ğŸ˜‹3w1,1
3082,likeReplyjanya_kalyaniğŸ˜‹ğŸ˜‹ğŸ˜‹ğŸ˜‹3w1,1
3083,likeReplysparsh_sharma17ğŸ¤¤3w1,1
3084,likeReplyswati_ka_kitchen_0029Nice...3w1,1
3085,likeReplyJuly,1
3086,25Post,1
3087,othersdelhifoodguideGarmi,1
3088,thandak,1
3089,ehsas,1
3090,ğŸ˜‹ğŸ˜œ,1
3091,#StuffedMangoKulfi,1
3092,#HomeCooking3wthe_chefiatureThis,1
3093,goodğŸ˜3wReplyswati_ka_kitchen_0029Yummy....3wReplyzulfi_148ğŸ¤¤ğŸ¤¤ğŸ¤¤ğŸ¤¤ğŸ¤¤3wReplydeepalidearNice.,1
3094,yummy!!3w1,1
3095,likeReplyinderjeetkaur914yammi3wReplyzain.abdin321@nadeem.wanderer3w1,1
3096,(1)nitin.katiyar97@katiyars_kitchen,1
3097,mango,1
3098,kulfi,1
3099,was3wReplyJuly,1
3100,23Post,1
3101,othersdelhifoodguideâ™¥ï¸,1
3102,Gulabjamun,3
3103,â™¥ï¸.Who,1
3104,Loves,1
3105,Friend,1
3106,ğŸ˜11wyummyydaysğŸ¤¤ğŸ˜11w1,1
3107,likeReplycarmeelagomesMiss,1
3108,much11w2,1
3109,likesReplyofficialmohitgailpuriyağŸ˜ğŸ˜ğŸ˜‚11w1,1
3110,likeReplyanvayaggarwalArey,1
3111,tatte,1
3112,jese,1
3113,h11w2,1
3114,likesReplyvardaanbajaj97ğŸ‘11w1,1
3115,likeReplyskillzy.officialYummy,1
3116,ğŸ˜7w7,1
3117,"likesReplychattyglobetrottersğŸ˜ğŸ˜wow,",1
3118,kindly,1
3119,ğŸ™ˆ6w1,1
3120,likeReplyf_m_v3ğŸ‘ğŸ‘ğŸ‘6w2,1
3121,likesReply_thesmilestory_ğŸ‘ŒğŸ˜4w2,1
3122,likesReplyshivamsooryavansiwww.instagram.com/cw_kuku4wReplyapkiwebsiteLove,1
3123,remain,1
3124,constant,1
3125,ğŸ˜ğŸ˜ğŸ˜â¤ï¸4wReplyawadhizaiqa@awadhizaiqa1dReplyMay,1
3126,othersdelhifoodguideCraving,2
3127,Delicious,1
3128,Kulche,2
3129,fried,1
3130,Nutralite,1
3131,"Onion,",1
3132,Tomatoes,1
3133,Spices,1
3134,@,1
3135,Famous,1
3136,Mayapuri..Have,1
3137,this?......#cholekulche,1
3138,#mayapuri#delhifoodguide11wchefoodsrominasyğŸ˜ğŸ˜ğŸ˜11wReplysleepyhead_21@piyushrawat20,1
3139,?11w1,1
3140,(1)burhan_unstoppablesI,1
3141,foodğŸ˜˜,1
3142,yiâ¤ğŸ˜±11wReplythesumitgiriCorona,1
3143,mixed,1
3144,that11w1,1
3145,likeReplydelhifoodplustravelNot,1
3146,next,1
3147,1-2,1
3148,yearsğŸ™ğŸ»ğŸ™ğŸ»11w1,1
3149,(1)sajid_ineffableWoahğŸ¤¤11w1,1
3150,likeReplyanawkwardcoprime@delhifoodguide,1
3151,this?11w1,1
3152,likeReplysandhu.nidhi@harpreet.sandhu89,1
3153,craving,1
3154,ğŸ˜‹11w1,1
3155,likeReplychandan_kr_yadavYup,1
3156,...the,1
3157,prep,1
3158,ğŸ‘ğŸ‘11w1,1
3159,likeReplyayush_chhetriii@prasanna_c._,1
3160,â¤ï¸ğŸ˜‚11w3,1
3161,(1)silver_shedes31ğŸ˜ğŸ˜4wReplyshivamsooryavansiwww.instagram.com/cw_kuku4wReplyMay,1
3162,28Post,1
3163,othersdelhifoodguideGulab,1
3164,Jamun,1
3165,Kis,2
3166,hai?13wsanatalwarchandhiok@ashima2913w1,1
3167,(1)nirmitahujaSwaadddd,1
3168,...ğŸ˜‹13w3,1
3169,likesReplysaadidilliğŸ˜‹ğŸ˜‹13wReplyfarheen_khan_2216â¤ï¸ğŸ˜13w1,1
3170,likeReplyvardaanbajaj97ğŸ‘Œ12w1,1
3171,likeReplyrajrocks00789ğŸ˜ğŸ˜¢12w2,1
3172,likesReplybusybehindthecameraMajor,1
3173,ğŸ¤©ğŸ™ˆ12w1,1
3174,likeReplysaurabh.vishwakarma1ğŸ‘ŒğŸ‘ŒğŸ‘Œ12w1,1
3175,likeReplyjasmeetsethi27@amitjugran773wReplyfoodiesoul08ğŸ˜‹ğŸ˜‹3wReply_shruuu_99ğŸ˜1dReplyMay,1
3176,18Post,1
3177,Gravy,1
3178,Wala,1
3179,Garma,1
3180,Garam,1
3181,Tandoori,1
3182,â¤ï¸â¤ï¸.Location,1
3183,Punjabi,1
3184,Khana,1
3185,Azad,1
3186,Market..What,1
3187,tonight?13wa.k.a__tiger@ragesh_jaiswal13w1,1
3188,likeReplyquite_soulfulğŸ˜­ğŸ˜­ğŸ˜­ğŸ˜­ğŸ˜­ğŸ˜­13w2,1
3189,likesReply_thepunekarCan't,1
3190,resist,1
3191,ğŸ˜˜13w2,1
3192,likesReplycute__angel008De,1
3193,ğŸ˜­ğŸ˜­ğŸ˜­ğŸ˜­13w3,1
3194,likesReplyalseedisslmeWan13w2,1
3195,likesReplyim_pgognadon't,1
3196,posts,1
3197,ppl,1
3198,offended...at,1
3199,least,1
3200,lock,1
3201,down..13w2,1
3202,likesReplybhookamanavBhai,1
3203,photos,1
3204,page....,1
3205,Please,1
3206,posting...,1
3207,à¤¸à¥€à¤–à¤¨à¥‡,1
3208,à¤•à¥‹,1
3209,à¤®à¤¿à¤²à¤¤à¤¾,1
3210,à¤¹à¥ˆ,1
3211,à¤¤à¥à¤®à¤¸à¥‡,1
3212,à¤¬à¤¹à¥à¤¤.....,1
3213,ğŸ™ğŸ™â¤ï¸â¤ï¸,1
3214,too....!!!!,1
3215,bro.,1
3216,â¤ï¸â¤ï¸â¤ï¸â¤ï¸â¤ï¸â¤ï¸â¤ï¸â¤ï¸â¤ï¸â¤ï¸â¤ï¸â¤ï¸â¤ï¸â¤ï¸â¤ï¸â¤ï¸â¤ï¸â¤ï¸â¤ï¸â¤ï¸â¤ï¸â¤ï¸â¤ï¸â¤ï¸â¤ï¸â¤ï¸â¤ï¸â¤ï¸â¤ï¸â¤ï¸â¤ï¸â¤ï¸â¤ï¸â¤ï¸â¤ï¸13w1,1
3217,likeReply_aditisharmaaa_@usyntest13wReplychefsiddhant_YummyğŸ˜13w1,1
3218,likeReplyrastogijiiIs,1
3219,rings,1
3220,extremely,1
3221,enticing13w1,1
3222,likeReplydaniiiiishhhhh@aarti.2828,1
3223,khaale13w1,1
3224,(1)nikdaymaPlease,1
3225,@art_sketch_colour13wReplyMay,1
3226,17Post,1
